,QUD,context,item,number,quantifier,response,slide_number,trial_type,language,enjoyment,age,gender,education,comments,describe,school,classes,college,lived,years,family,level,Browser,OS,screenH,screenW,time_in_minutes,participant_id,assess
0,none,with,dinosaurios,four,every,0.33,3,one_slider,,-1,,,-1,GREG0,,,,,,,,,Safari,Mac,900,1440,0.10328333333333334,1,
0,none,without,dinosaurios,four,numeral,0.93,3,one_slider,Español,1,22,Male,3,,SpanSpan,none,noclasses,nocollege,both8,mostlive,span,native,Chrome,Linux,760,360,2.3897333333333335,2,Yes
0,none,without,dinosaurios,four,numeral,0.97,3,one_slider,Español,1,28,Male,3,,SpanSpan,most,noclasses,nocollege,both8,mostlive,span,native,Chrome,Windows,864,1536,2.8003,3,Yes
0,none,with,leones,two,numeral,0.08,3,one_slider,Español,2,24,Female,4,"Interesante, he hecho experimentos parecidos y me gustan.",SpanSpan,none,no,nocollege,both8,mostlive,span,native,Chrome,Windows,1080,1920,2.3075,4,Yes
0,none,with,ranas,two,every,0.89,3,one_slider,Español,1,30,Male,3,,SpanSpan,none,no,nocollege,both8,mostlive,spaneng,native,Chrome,Linux,640,360,3.237416666666667,5,Yes
0,none,with,dinosaurios,four,every,0.0,3,one_slider,Español,1,28,Male,3,,SpanSpan,most,noclasses,nocollege,both8,mostlive,span,native,Chrome,Windows,864,1536,1.4029,6,Yes
0,none,without,leones,four,numeral,0.99,3,one_slider,Español,2,20,Male,2,,SpanSpan,none,noclasses,nocollege,over8,mostlive,span,native,Chrome,Linux,771,360,2.9795166666666666,7,Yes
0,none,with,ranas,two,numeral,1.0,3,one_slider,Español,0,26,Male,3,,SpanSpan,most,yes,nocollege,both8,mostlive,span,native,Chrome,Windows,1080,2560,1.48635,8,Confused
0,none,without,mariposas,four,numeral,0.98,3,one_slider,Español,2,30,Female,4,,SpanSpan,most,yes,nocollege,both8,mostlive,span,native,Chrome,Linux,640,360,2.7610333333333332,9,Yes
0,none,without,leones,two,every,0.48,3,one_slider,Español,1,48,Female,4,"Las preguntas del elefante y el tiburón son algo confusas, pero supongo que así debe ser",SpanSpan,none,no,nocollege,both8,mostlive,span,native,Firefox,Windows,1080,1920,3.15805,10,Yes
0,none,with,ranas,two,every,1.0,3,one_slider,Español,1,56,Male,3,,SpanSpan,most,no,nocollege,both8,mostlive,span,native,Chrome,Windows,1024,1280,3.819183333333333,11,Yes
0,none,without,ranas,two,every,0.95,3,one_slider,Español,2,60,Female,4,Muy interesante el Test....,SpanSpan,most,noclasses,nocollege,both8,,span,native,Chrome,Windows,768,1366,4.978916666666667,12,Yes
0,none,without,leones,two,every,0.52,3,one_slider,Español,2,25,Male,4,,SpanSpan,none,no,nocollege,both8,mostlive,span,,Safari,iPhone/iPod,667,375,3.4339166666666667,13,Yes
0,none,without,mariposas,four,every,1.0,3,one_slider,Español,1,23,Male,1,,SpanEng,none,no,nocollege,both8,mostlive,span,native,Chrome,Windows,1080,1920,2.64345,14,Yes
0,none,with,dinosaurios,two,every,0.0,3,one_slider,español,1,53,Male,3,encuesta interesante,SpanSpan,most,yes,nocollege,both8,mostlive,span,native,Chrome,Windows,768,1366,4.90155,15,Yes
0,none,without,dinosaurios,two,numeral,0.0,3,one_slider,Español,2,20,Female,2,Es bastante claro en cuanto a la tarea.,SpanSpan,most,yes,nocollege,both8,mostlive,span,native,Chrome,Windows,768,1366,2.592233333333333,16,Yes
0,none,with,dinosaurios,two,every,0.0,3,one_slider,,-1,,,-1,,,,,,,,,,Chrome,Windows,1080,1920,1.0907666666666667,17,
0,none,with,mariposas,two,every,1.0,3,one_slider,español,1,21,Male,2,,SpanSpan,none,noclasses,nocollege,both8,mostlive,span,native,Chrome,Windows,1080,1920,1.7581,18,Yes
0,none,with,leones,two,numeral,0.0,3,one_slider,Español,1,18,Female,0,,SpanSpan,most,no,nocollege,both8,mostlive,span,native,Chrome,Windows,900,1600,3.4183333333333334,19,Yes
0,none,with,ranas,two,numeral,0.47,3,one_slider,Español,1,26,Female,4,"There are some errors in the story, still was able to understand it. As a native Spanish speaker is easy to try and find the real meaning behind those words, but some of the drafting errors made it difficult to understand 100%. ",SpanSpan,none,noclasses,nocollege,both8,mostlive,spaneng,native,Chrome,Linux,851,393,6.263866666666667,20,Confused
0,none,with,dinosaurios,four,numeral,0.17,3,one_slider,español,1,32,Male,3,,SpanSpan,most,noclasses,nocollege,both8,mostlive,span,native,Chrome,Windows,1080,1920,3.5631,21,Yes
0,none,without,leones,four,every,1.0,3,one_slider,espanol,0,42,Male,3,"Entiendo que es parte del experimento, pero las afirmaciones son muy convolucionadas.",SpanSpan,most,yes,nocollege,both8,mostlive,span,native,Chrome,Linux,768,1366,3.578666666666667,22,Yes
0,none,without,leones,two,numeral,0.93,3,one_slider,Español,2,39,Male,3,Ha sido interesante.,SpanSpan,most,yes,nocollege,both8,mostlive,span,native,Chrome,Windows,768,1366,3.5483166666666666,23,Yes
0,none,with,mariposas,four,numeral,0.71,3,one_slider,Español,1,18,Male,3,,SpanSpan,none,no,nocollege,both8,mostlive,span,native,Chrome,Windows,1050,1680,2.74785,24,
0,none,without,dinosaurios,two,every,0.0,3,one_slider,Español,2,22,Male,3,Suerte con los resultados.,SpanSpan,none,no,nocollege,both8,mostlive,span,native,Chrome,Windows,768,1366,2.7175666666666665,25,Yes
0,none,with,ranas,two,numeral,0.0,3,one_slider,Español,1,24,Female,3,,SpanSpan,most,yes,onesem,both8,mostlive,span,native,Chrome,Windows,768,1366,2.8339,26,Yes
0,none,without,ranas,four,numeral,0.83,3,one_slider,Español,2,33,Male,3,"Ilustrativo el ejemplo con tiburón y elefante, me gustó",SpanSpan,most,yes,nocollege,both8,mostlive,span,native,Chrome,Linux,786,393,3.48135,27,Yes
0,none,without,mariposas,two,numeral,0.0,3,one_slider,Español,2,29,Male,4,,SpanSpan,none,noclasses,nocollege,both8,mostlive,span,native,Chrome,Windows,900,1600,2.5934333333333335,28,Yes
0,none,without,leones,two,numeral,0.33,3,one_slider,,2,,,-1,,,most,yes,nocollege,both8,mostlive,span,native,Chrome,Windows,768,1366,10.538183333333333,29,
0,none,with,dinosaurios,four,every,0.09,3,one_slider,Español,1,21 años,Male,1,,SpanSpan,none,yes,nocollege,both8,mostlive,span,native,Chrome,Linux,760,360,3.730166666666667,30,Yes
0,none,with,ranas,two,every,0.98,3,one_slider,Español,2,28,Male,4,,SpanSpan,none,no,nocollege,both8,mostlive,span,native,Chrome,Windows,768,1366,1.9351,31,No
0,none,without,mariposas,four,numeral,0.97,3,one_slider,Español,1,39,Male,4,,SpanSpan,most,yes,nocollege,under8,mostlive,span,native,Firefox,Windows,768,1366,2.3734166666666665,32,Yes
0,none,without,mariposas,two,numeral,0.78,3,one_slider,español,1,26,,3,,SpanSpan,none,noclasses,nocollege,both8,mostlive,span,native,Chrome,Mac,900,1440,2.884516666666667,33,
0,none,without,dinosaurios,two,numeral,0.0,3,one_slider,Español,2,28,Male,2,Tuve que releerlo un par de veces porque siento que la redacción fue deliberadamente tramposa (o por lo menos trataba de inducir al error).,SpanSpan,mid,yes,nocollege,both8,mostlive,span,native,Firefox,Windows,768,1366,5.985683333333333,34,Yes
0,none,with,dinosaurios,four,numeral,1.0,3,one_slider,Español,2,21,Male,2,,SpanSpan,none,no,nocollege,both8,mostlive,span,native,Chrome,Windows,768,1366,2.2643333333333335,35,Yes
0,none,without,leones,four,numeral,0.96,3,one_slider,español,2,36,Male,4,it is really funny,SpanSpan,,,,both8,,span,native,Chrome,Windows,768,1366,5.7599,36,Yes
0,none,without,dinosaurios,four,numeral,1.0,3,one_slider,Español,2,21,Male,2,,SpanSpan,none,no,nocollege,both8,mostlive,span,native,Chrome,Windows,768,1366,0.2508166666666667,37,Yes
0,none,with,dinosaurios,two,every,0.0,3,one_slider,español,2,36,Male,4,,SpanSpan,most,yes,nocollege,both8,mostlive,span,native,Firefox,Windows,1050,1680,3.78085,38,Yes
0,none,without,dinosaurios,four,numeral,0.86,3,one_slider,español,1,29,Female,4,,SpanSpan,none,noclasses,nocollege,both8,mostlive,span,native,Chrome,Windows,768,1366,8.847916666666666,39,Yes
0,none,without,leones,four,numeral,0.65,3,one_slider,Español,1,30,Male,1,"La pregunta es muy ambigua, Elefante tiene razón y está diciendo la verdad en su respuesta. Pero la información no es relevante para la finalidad de Tiburón. 
Imagino que está hecho así a propósito pero creo que se podría haber expresado de una mejor manera.",SpanSpan,most,yes,nocollege,both8,mostlive,span,native,Chrome,Windows,774,1376,6.6168,40,Yes
0,none,with,leones,two,numeral,1.0,3,one_slider,Español,2,37,Male,3,"Me pareció muy interesante el estudio, a pesar de haber notado algunos errores gramaticales.",SpanEng,most,noclasses,nocollege,both8,mostlive,span,native,Chrome,Windows,1024,1280,6.490433333333334,41,Yes
0,none,without,mariposas,four,numeral,0.98,3,one_slider,Español,1,22,Male,3,,SpanSpan,small,yes,nocollege,over8,mostlive,span,native,Chrome,Windows,1080,1920,7.752633333333334,42,Yes
0,none,without,leones,four,every,0.89,3,one_slider,Español,1,24,Female,4,"Crecí hablando español castellano (España) entonces la forma de expresarse de Elefante y Tiburón me resultaron un poco extrañas. En mi caso hubiese puesto el sujeto antes que el verbo, pero aún así creo haber respondido correctamente.",SpanSpan,none,noclasses,nocollege,both8,mostlive,spaneng,native,Chrome,Windows,1003,1504,5.115683333333333,43,Yes
0,none,without,leones,two,every,0.03,3,one_slider,Español,1,23,Female,3,,SpanSpan,none,no,nocollege,both8,mostlive,span,native,Chrome,Windows,768,1366,2.3576,44,No
0,none,without,mariposas,two,every,0.02,3,one_slider,Español,1,51,Female,4,Nada en particular,SpanSpan,most,yes,nocollege,both8,mostlive,span,native,Chrome,Windows,1024,1280,3.3402166666666666,45,Yes
0,none,without,mariposas,two,numeral,0.5,3,one_slider,Español,1,40,Male,3,,SpanSpan,most,noclasses,nocollege,both8,mostlive,span,native,Chrome,Windows,900,1440,6.612683333333333,46,Yes
0,none,without,mariposas,two,numeral,0.01,3,one_slider,ESPAÑOL LATINO,2,27,Female,3,,SpanSpan,,yes,onesem,both8,mostlive,span,native,Chrome,Windows,768,1366,4.03275,47,Yes
0,none,without,dinosaurios,four,every,0.0,3,one_slider,Español,2,48,Male,3,Es muy divertido tratar de entender lo que realmente dice el cuento.,SpanSpan,none,no,nocollege,both8,mostlive,span,native,Chrome,Windows,768,1366,3.515066666666667,48,Yes
0,none,without,dinosaurios,four,every,0.05,3,one_slider,Español,1,21,Female,4,,SpanSpan,most,yes,nocollege,both8,mostlive,span,native,Chrome,Windows,768,1366,1.9204166666666667,49,Yes
0,none,without,dinosaurios,two,numeral,0.24,3,one_slider,Español,0,30,Female,4,"El lenguaje de las instrucciones es poco claro, la doble negación no ayuda a responder la pregunta.",SpanSpan,none,no,nocollege,both8,mostlive,span,native,Chrome,Windows,1080,1920,2.85445,50,Yes
0,none,without,mariposas,four,numeral,0.96,3,one_slider,Español,1,20,Male,1,,SpanSpan,most,noclasses,nocollege,,,span,,Safari,Mac,1024,768,5.2249,51,Yes
0,none,with,dinosaurios,two,every,1.0,3,one_slider,Español,1,22,Female,2,,SpanSpan,most,no,nocollege,both8,mostlive,span,native,Chrome,Windows,768,1366,3.88755,52,Yes
0,none,with,leones,four,numeral,0.86,3,one_slider,español,1,22,Female,4,,SpanSpan,,noclasses,nocollege,both8,mostlive,span,native,Chrome,Mac,1152,2048,3.3593333333333333,53,Yes
0,none,without,dinosaurios,four,every,0.03,3,one_slider,ESPAÑOL,1,34,Male,3,,SpanSpan,most,noclasses,nocollege,both8,,span,native,Chrome,Windows,768,1366,1.7940666666666667,54,Yes
0,none,with,mariposas,two,numeral,0.0,3,one_slider,Español,1,30,Male,4,Es diferente. ,SpanSpan,most,yes,onesem,both8,mostlive,span,native,Chrome,Windows,768,1366,7.4493833333333335,55,Yes
0,none,without,leones,four,every,0.07,3,one_slider,Español,2,25,Male,3,Las imágenes lo hacen más interactivo ,SpanSpan,none,no,nocollege,over8,mostlive,spaneng,native,Chrome,Linux,740,360,3.4156166666666667,56,Yes
0,none,with,leones,two,numeral,0.0,3,one_slider,Castellano,1,25,Male,2,,SpanSpan,most,yes,nocollege,both8,mostlive,span,native,Chrome,Windows,1080,1920,1.8110166666666667,57,Yes
0,none,without,mariposas,two,numeral,0.03,3,one_slider,Español,1,21,Male,4,El estudio esta muy claro y facíl de hacer.,SpanSpan,none,noclasses,nocollege,both8,mostlive,span,native,Firefox,Windows,1080,1920,4.8026333333333335,58,Yes
0,none,without,ranas,two,numeral,0.01,3,one_slider,Castellano,2,42,Male,4,,SpanSpan,none,noclasses,nocollege,both8,mostlive,span,native,Chrome,Linux,768,1366,2.2706,59,Yes
0,none,with,mariposas,four,every,1.0,3,one_slider,español,2,54,Female,4,buen ejercicio de comprension de lectura,SpanSpan,most,no,nocollege,both8,mostlive,span,advanced,Chrome,Windows,768,1366,7.471683333333333,60,Yes
0,none,without,mariposas,four,numeral,1.0,3,one_slider,Español,1,20,Male,2,Me hubiera gustado saber un poco mas del proposito si es que no afecta los resultados,SpanSpan,none,no,nocollege,both8,mostlive,span,native,Chrome,Windows,1080,1920,2.27345,61,Yes
0,none,without,leones,two,every,0.05,3,one_slider,Espanol,2,46,Male,4,"Tiburon tiene una curiosa forma de clasificar los cuentos, no se bien que subyace en ese tipo de clasificacion",SpanSpan,none,noclasses,nocollege,both8,mostlive,span,native,Chrome,Linux,1080,1920,8.034566666666667,62,Yes
0,none,without,dinosaurios,two,every,0.0,3,one_slider,español,2,30,Male,3,Un experimento interesante pero ahora dudo de si contesté de manera correctamente,SpanSpan,most,no,nocollege,both8,mostlive,span,native,Chrome,Windows,1080,1920,2.9850666666666665,63,Yes
0,none,with,leones,four,every,0.27,3,one_slider,Español,1,23,Male,1,,SpanSpan,none,no,nocollege,both8,mostlive,span,native,Chrome,Windows,1080,1920,2.259116666666667,64,Confused
0,none,without,mariposas,four,every,0.03,3,one_slider,español,2,23,Female,4,muy interesante,SpanSpan,most,yes,nocollege,both8,mostlive,span,native,Chrome,Windows,768,1366,2.904533333333333,65,Yes
0,none,without,mariposas,two,every,0.0,3,one_slider,Español,2,26,Male,2,,SpanSpan,none,noclasses,nocollege,both8,mostlive,spaneng,native,Firefox,Windows,768,1366,2.1241,66,Yes
0,none,with,leones,four,numeral,0.0,3,one_slider,ESPAÑOL,2,34,Male,4,Me gusta mucho este tipo de experimentos que tienen que ver con el lenguaje ,SpanSpan,most,yes,nocollege,both8,mostlive,span,native,Firefox,Windows,768,1366,7.50215,67,Yes
0,none,with,dinosaurios,four,numeral,0.97,3,one_slider,Español,1,19,Male,1,,SpanSpan,most,yes,nocollege,both8,mostlive,span,native,Chrome,Windows,1080,1920,3.4526333333333334,68,Yes
0,none,without,mariposas,four,every,0.23,3,one_slider,español,1,30,Male,3,,SpanSpan,,,,both8,mostlive,span,native,Firefox,Linux,592,360,3.5411,69,Yes
0,none,without,dinosaurios,four,numeral,0.6,3,one_slider,Español,1,46,Male,4,"En mi respuesta, no solo he tenido en cuenta que la respuesta de Elefante sea correcta, sino también su adecuación en el contexto de ayudar a Tiburón a ordenar sus libros.",SpanSpan,most,yes,nocollege,both8,mostlive,span,native,Chrome,Windows,1080,1920,6.536766666666667,70,Yes
0,none,with,dinosaurios,four,numeral,0.94,3,one_slider,Ucraniano Ruso,1,22,Male,1,,otherL2,small,yes,nocollege,over8,mostlive,span,native,Chrome,Windows,1080,1920,2.24675,71,Yes
0,none,without,leones,two,every,0.02,3,one_slider,español,1,20,Male,2,La forma en que están escritas ala instrucciones es poco natural y puede confundir un poco.,SpanSpan,most,no,nocollege,both8,mostlive,span,native,Firefox,Linux,756,396,9.8997,72,Yes
0,none,without,dinosaurios,two,numeral,0.0,3,one_slider,Español,1,26,Male,3,Me sorprendio que solo tuviera una pregunta.,SpanSpan,mid,no,nocollege,both8,mostlive,span,native,Chrome,Windows,600,1024,3.5898166666666667,73,Yes
0,none,without,leones,four,numeral,1.0,3,one_slider,Español,2,41,Female,4,"Me parecen muy interesantes, son un reto.",SpanSpan,most,yes,mostsem,both8,mostlive,spaneng,native,Chrome,Windows,768,1366,4.1943166666666665,74,Yes
0,none,with,mariposas,four,numeral,0.91,3,one_slider,Español,1,23,Female,4,,,most,yes,nocollege,both8,mostlive,span,native,Firefox,Windows,768,1366,4.476166666666667,75,Yes
0,none,with,ranas,four,every,0.63,3,one_slider,Español,0,25,Female,4,,SpanSpan,most,no,nocollege,both8,mostlive,span,native,Chrome,Linux,1080,1920,3.57075,76,Yes
0,none,without,ranas,two,every,0.37,3,one_slider,española,2,45,Female,4,es un poco subjetiva la respuesta ya que no te da opción intermedia,SpanSpan,none,noclasses,nocollege,both8,mostlive,span,native,Chrome,Windows,768,1360,4.196783333333333,77,Yes
0,none,with,leones,four,every,0.91,3,one_slider,Español,2,34,Male,4,,SpanSpan,,,,both8,mostlive,span,native,Chrome,Windows,900,1600,3.5783666666666667,78,Yes
0,none,with,mariposas,four,every,0.0,3,one_slider,Español,2,24,Male,3,,SpanSpan,most,no,nocollege,both8,mostlive,span,native,Chrome,Mac,900,1440,3.69865,79,No
0,none,without,leones,two,every,0.0,3,one_slider,Castellano,2,20,Male,1,Me ha parecido un concepto bastante interesante y requiere pensar para interpretar bien una frase algo ambigua.,SpanSpan,most,yes,nocollege,both8,mostlive,span,native,Chrome,Windows,1080,1920,2.3529666666666667,80,Yes
0,none,with,mariposas,four,numeral,1.0,3,one_slider,Espanol,2,21,Male,3,,SpanEng,most,yes,nocollege,both8,mostlive,span,near native,Chrome,Windows,1200,1920,2.4436333333333335,81,Yes
0,none,without,dinosaurios,two,numeral,0.51,3,one_slider,Español ,1,38,Other,3,,SpanSpan,none,noclasses,nocollege,both8,mostlive,span,native,Safari,an unknown OS,1024,768,8.193516666666667,82,Yes
0,none,without,ranas,two,numeral,0.04,3,one_slider,Español,1,21,Male,1,,SpanSpan,most,yes,mostsem,both8,mostlive,span,native,Chrome,Linux,915,412,5.647916666666666,83,No
0,none,without,dinosaurios,two,every,0.98,3,one_slider,español,2,19,Female,1,Las preguntas fueron claras,SpanSpan,mid,yes,midsem,under8,mostlive,span,native,Chrome,Windows,768,1366,3.5212333333333334,84,Yes
0,none,without,leones,two,numeral,0.49,3,one_slider,español,1,31,Male,4,"En las instrucciones se piden respuestas precisas, pero las opciones que presentan como resultado son vulnerables a interpretación y discusión.",SpanSpan,most,no,nocollege,both8,mostlive,span,native,Chrome,Windows,864,1536,8.195166666666667,85,Yes
0,none,without,mariposas,two,every,0.98,3,one_slider,ESPAÑOL,1,24,Female,3,,SpanSpan,most,no,nocollege,both8,mostlive,span,native,Chrome,Windows,900,1600,2.7526333333333333,86,Yes
0,none,without,mariposas,two,numeral,0.03,3,one_slider,Español,2,,Female,3,,SpanEng,most,noclasses,nocollege,both8,mostlive,span,native,Chrome,Linux,780,360,2.97525,87,Yes
0,none,without,mariposas,two,numeral,0.99,3,one_slider,Español,2,24,Male,3,Resulta un poco confuso al analizar el texto de manera tecnica. ,SpanSpan,most,yes,nocollege,both8,mostlive,span,native,Firefox,Windows,768,1360,7.201716666666667,88,Yes
0,none,without,mariposas,four,every,0.0,3,one_slider,Español,1,21,Male,3,,SpanSpan,none,noclasses,nocollege,both8,mostlive,span,native,Chrome,Windows,864,1536,4.36125,89,Yes
0,none,without,ranas,two,numeral,0.13,3,one_slider,Español,1,23,Male,3,Algo breve pero está bien,SpanSpan,none,no,nocollege,over8,mostlive,span,native,Chrome,Windows,864,1536,2.7305166666666665,90,Yes
0,none,with,ranas,two,every,0.04,3,one_slider,español,2,23,Male,1,Definitivamente hace pensar a las personas sobre sus conocimientos en el idioma español,SpanSpan,most,yes,nocollege,both8,mostlive,span,native,Chrome,Windows,1080,1920,4.377183333333333,91,Yes
0,none,without,dinosaurios,two,numeral,1.0,3,one_slider,Español,2,23,Other,4,,SpanSpan,none,no,nocollege,both8,mostlive,span,native,Chrome,Windows,768,1366,3.05375,92,Yes
0,none,without,mariposas,four,numeral,0.83,3,one_slider,Español,2,24,Male,3,,SpanSpan,most,no,nocollege,both8,mostlive,span,native,Chrome,Linux,720,360,2.7154,93,Yes
0,none,with,ranas,four,numeral,0.54,3,one_slider,,0,,,-1,"No me ha quedado claro la intención del experimento, ni que se pretende con él. Si el experimento pretende saber el nivel de interpretación de la gente de diferentes declaraciones/frases, creo que debería ser más largo, y un poco más elaborado ya que parece una encuesta dirigida a niños.",,none,noclasses,nocollege,over8,mostlive,span,native,Chrome,Windows,768,1366,7.057883333333334,94,
0,none,without,leones,four,every,0.15,3,one_slider,Español,2,21,Female,1,"Esta algo confuso. 
Pero es cuestion de hacer lectura de comprension. ",SpanSpan,most,yes,nocollege,both8,mostlive,span,native,Chrome,Linux,869,412,5.10385,95,Yes
0,none,with,ranas,two,every,0.18,3,one_slider,Español,1,24,Male,3,Ninguno,SpanSpan,most,yes,midsem,both8,mostlive,span,native,Chrome,Linux,846,412,3.4085833333333335,96,Yes
0,none,without,ranas,four,numeral,1.0,3,one_slider,Español,0,22,Male,2,¿Por qué un tiburón es amigo de un elefante?,SpanSpan,most,yes,midsem,both8,mostlive,span,native,Chrome,Windows,979,1739,5.2737,97,Yes
0,none,with,mariposas,two,every,0.02,3,one_slider,Español,1,33,Female,4,"La explicación sobre qué hace cada animal era un poco confusa, la frase sobre el tiburón y el elefante no era demasiado correcta desde mi punto de vista, y soy nativa.",SpanSpan,none,noclasses,nocollege,both8,mostlive,span,native,Chrome,Windows,768,1366,4.8434,98,Yes
0,none,with,leones,two,numeral,1.0,3,one_slider,Español,2,27,Male,4,,SpanSpan,none,no,nocollege,both8,mostlive,span,native,Firefox,Windows,864,1536,3.1479,99,Yes
0,none,with,dinosaurios,two,every,0.0,3,one_slider,Español,1,39,Female,3,,SpanSpan,none,noclasses,nocollege,both8,mostlive,span,native,Chrome,Mac,1050,1680,7.079733333333333,100,Yes
0,none,without,mariposas,four,numeral,1.0,3,one_slider,Español,2,21,Male,3,,SpanSpan,most,noclasses,nocollege,both8,mostlive,span,native,Firefox,Linux,768,1366,4.368266666666667,101,Yes
0,none,with,mariposas,four,numeral,0.66,3,one_slider,español,2,23,Male,3,,SpanSpan,most,yes,nocollege,both8,mostlive,span,native,Chrome,Windows,1080,1920,8.139716666666667,102,Yes
0,none,without,dinosaurios,two,numeral,0.0,3,one_slider,español,1,32,Male,3,siento que a algunos enunciados les faltaba un coma.,SpanSpan,most,noclasses,nocollege,both8,mostlive,span,native,Chrome,Windows,864,1536,4.139666666666667,103,Yes
0,none,with,dinosaurios,two,numeral,0.01,3,one_slider,Español,2,46,Female,4,Son temas psicologicos que me encantan,SpanSpan,none,no,nocollege,both8,mostlive,span,native,Firefox,Windows,768,1366,3.23975,104,Yes
0,none,without,leones,four,every,0.01,3,one_slider,Español,2,45,Male,3,Me Hubiera Gustado Saber el Resultado. Era Como Pregunta Capciosa.,SpanSpan,none,noclasses,nocollege,both8,mostlive,span,native,Chrome,Windows,768,1366,6.303766666666666,105,Yes
0,none,with,leones,two,numeral,0.0,3,one_slider,Español,2,26,Male,3,"Fue un estudio algo extraño, pero creo que lo contesté bien.",SpanSpan,most,yes,nocollege,both8,mostlive,span,native,Chrome,Windows,1080,1920,5.136183333333333,106,Yes
0,none,with,leones,four,numeral,1.0,3,one_slider,Español,1,26,Male,1,,SpanSpan,most,yes,nocollege,both8,mostlive,span,native,Firefox,Windows,900,1600,2.1637833333333334,107,Yes
0,none,without,leones,four,numeral,0.52,3,one_slider,Español,2,45,Female,4,Me pareció muy bueno porque te hace dudar sobre la pregunta,SpanSpan,most,no,nocollege,both8,mostlive,,native,Chrome,Linux,851,393,3.4406166666666667,108,Yes
0,none,without,mariposas,four,every,0.0,3,one_slider,español,1,18,Male,3,,SpanSpan,none,no,nocollege,both8,mostlive,span,native,Firefox,Windows,768,1366,2.9492833333333333,109,Yes
0,none,without,dinosaurios,four,numeral,1.0,3,one_slider,español,2,29,Male,3,,SpanSpan,most,noclasses,nocollege,,mostlive,span,native,Chrome,Windows,768,1366,2.9803,110,Yes
0,none,without,dinosaurios,four,every,0.92,3,one_slider,Español,1,26,Male,4,,SpanSpan,most,no,nocollege,under8,mostlive,span,native,Chrome,Linux,732,412,4.656,111,Yes
0,none,without,mariposas,four,numeral,0.79,3,one_slider,español,1,43,Female,3,No me pareció que la pregunta estuviera bien formulada,SpanSpan,none,noclasses,nocollege,both8,mostlive,span,native,Chrome,Windows,768,1366,2.9566833333333333,112,Yes
0,none,without,dinosaurios,two,numeral,0.0,3,one_slider,Español,2,30,Male,1,Thanks,SpanSpan,most,yes,nocollege,both8,mostlive,span,native,Chrome,Windows,800,1280,1.9349,113,Yes
0,none,without,ranas,two,numeral,0.1,3,one_slider,Español,-1,21,Female,1,Estuvo interesante,SpanSpan,mid,yes,onesem,both8,mostlive,span,native,Chrome,Windows,864,1536,3.027233333333333,114,Yes
0,none,without,leones,four,every,0.12,3,one_slider,Español,2,19,Female,2,,SpanSpan,none,noclasses,nocollege,both8,mostlive,span,native,Firefox,Mac,800,1280,3.1137333333333332,115,Yes
0,none,with,ranas,two,numeral,0.48,3,one_slider,Español,0,25,Male,3,"Técnicamente nunca se dice que las ranas saltaron sobre la roca, pero se puede intuir que una lo hizo.",SpanSpan,most,yes,nocollege,both8,mostlive,span,native,Chrome,Linux,900,1600,2.3400666666666665,116,Yes
0,none,with,mariposas,two,numeral,1.0,3,one_slider,español,2,,,-1,tal vez hubiese sido bueno ver la aclaración del cuento después de responderlo.,SpanSpan,,,,both8,mostlive,span,native,Chrome,Windows,1080,1920,3.2491166666666667,117,
0,none,without,mariposas,four,every,0.99,3,one_slider,Español,1,22,Male,2,,SpanSpan,most,yes,onesem,both8,mostlive,span,native,Chrome,Windows,864,1536,15.59785,118,Yes
0,none,without,ranas,two,every,0.04,3,one_slider,Español,1,23,Male,3,,SpanSpan,most,yes,nocollege,both8,mostlive,span,native,Chrome,Windows,1080,1920,2.8441,119,Yes
0,none,with,leones,four,numeral,1.0,3,one_slider,Español,2,25,Male,3,"Me hubiera gustado mayor número de casos. Creo que hice correctamente el HIT, pero lo vi tan claro que al preguntarme me hizo dudar.",SpanSpan,none,noclasses,nocollege,both8,mostlive,span,native,Chrome,Windows,768,1366,5.3482,120,Yes
0,none,without,dinosaurios,four,numeral,0.97,3,one_slider,Castellano,1,42,Female,4,,SpanSpan,none,noclasses,nocollege,both8,mostlive,span,native,Chrome,Windows,900,1600,3.5998833333333335,121,Yes
0,none,without,mariposas,two,every,0.04,3,one_slider,español,1,25,Female,2,,SpanSpan,most,yes,onesem,both8,mostlive,span,native,Chrome,Windows,768,1366,2.2030166666666666,122,Yes
0,none,without,ranas,two,numeral,0.02,3,one_slider,,-1,,,-1,,,,,,,,,,Chrome,Windows,900,1600,0.9899666666666667,123,
0,none,with,mariposas,two,every,0.29,3,one_slider,,2,,,-1,"Es interesante, creo que se le pueden encontrar distintos significados depende de como se le vea",,most,yes,nocollege,both8,mostlive,spaneng,native,Chrome,Windows,768,1366,2.1900166666666667,124,
0,none,with,dinosaurios,two,every,0.28,3,one_slider,Español,1,23,Female,1,"Lo que dice el elefanta no es correcto, pero tampoco es totalmente errado, uno de los dos dinosaurios comió insecto, y el otro no, entonces la respuesta debió ser, uno de ellos comió insectos!",SpanSpan,most,yes,onesem,both8,mostlive,span,native,Firefox,Windows,864,1536,3.710383333333333,125,Yes
0,none,without,ranas,two,numeral,0.0,3,one_slider,Español,1,18,Male,4,No tengo ningún comentario que aportar,SpanSpan,none,noclasses,nocollege,both8,mostlive,span,native,Chrome,Windows,1080,1920,3.3085833333333334,126,Yes
0,none,with,dinosaurios,two,numeral,0.11,3,one_slider,Español,1,25,Male,4,,SpanSpan,small,yes,nocollege,under8,mostlive,span,native,Chrome,Windows,768,1360,2.0462666666666665,127,Yes
0,none,with,leones,two,numeral,0.03,3,one_slider,Español,2,31,Female,4,,SpanSpan,none,no,nocollege,both8,mostlive,span,native,Chrome,Windows,864,1536,2.9022833333333335,128,Yes
0,none,with,ranas,two,numeral,0.87,3,one_slider,Español,2,22,Male,0,,SpanSpan,most,noclasses,nocollege,both8,mostlive,span,native,Chrome,Windows,1080,1920,3.8506666666666667,129,Yes
0,none,without,dinosaurios,two,numeral,0.07,3,one_slider,ESPANOL,2,34,Female,4,,SpanEng,none,noclasses,nocollege,over8,mostlive,span,native,Chrome,Windows,768,1366,2.0958833333333335,130,Yes
0,none,with,leones,four,every,0.84,3,one_slider,Español,2,24,Other,2,"Conteste considerando la logica proposicional. Sin embargo, ya que no fue explicitamente requerida, tambien lo considere desde un punto mas comun. Fue interesante.",SpanSpan,most,noclasses,nocollege,both8,mostlive,spaneng,native,Chrome,Windows,1080,1920,5.607866666666666,131,Yes
0,none,with,leones,two,every,0.87,3,one_slider,Spanish,1,37,Female,3,None,SpanSpan,none,no,nocollege,both8,mostlive,span,native,Chrome,Linux,760,360,2.3576333333333332,132,Yes
0,none,without,ranas,four,numeral,0.86,3,one_slider,español,1,23,Male,2,,SpanSpan,most,yes,nocollege,both8,mostlive,span,native,Chrome,Windows,720,1280,3.5494666666666665,133,Yes
0,none,without,leones,two,every,0.0,3,one_slider,Español,2,21,Male,3,,SpanSpan,,noclasses,nocollege,both8,mostlive,span,native,Chrome,Windows,1080,1920,4.120133333333333,134,Yes
0,none,without,leones,four,every,0.01,3,one_slider,Español,2,27,Male,4,Muy buen estudio,SpanSpan,small,no,nocollege,under8,mostlive,span,native,Chrome,Linux,760,360,5.822283333333333,135,Yes
0,none,with,ranas,two,numeral,0.01,3,one_slider,Español,1,26,Male,4,,SpanSpan,none,noclasses,nocollege,both8,mostlive,spaneng,native,Chrome,Linux,699,393,1.97155,136,Yes
0,none,without,dinosaurios,two,every,0.0,3,one_slider,Español,1,22,Male,1,Entendí que uno de los dinosaurios comio un insecto.,SpanSpan,none,noclasses,nocollege,both8,mostlive,span,native,Chrome,Windows,768,1366,3.4957166666666666,137,Yes
0,none,without,leones,two,every,0.56,3,one_slider,Español,1,34,Male,1,El contexto fue original y todo pareció funcionar correctamente.,SpanSpan,most,yes,nocollege,both8,mostlive,span,native,Firefox,Windows,1080,1920,6.7504333333333335,138,Yes
0,none,without,leones,four,numeral,0.97,3,one_slider,Español,0,34,Male,4,,SpanSpan,none,noclasses,nocollege,under8,mostlive,span,native,Safari,iPhone/iPod,667,375,6.1247,139,Yes
0,none,with,leones,two,every,0.0,3,one_slider,Español,2,23,Female,4,,SpanSpan,most,no,nocollege,both8,mostlive,span,native,Chrome,Windows,768,1366,4.28235,140,Yes
0,none,without,leones,four,every,0.39,3,one_slider,español e ingles,1,18,,3,"Respondí lo que respondí porque ""no todos los leones compraron una galleta"" infiere que algunos leones sí lo hicieron (aún así creo que puede ser interpretado como si ningún león haya comprado galletyas)",SpanEng,most,yes,nocollege,both8,mostlive,spaneng,native,Chrome,Mac,900,1440,3.5136333333333334,141,
0,none,without,leones,four,every,0.0,3,one_slider,Español,1,38,Male,4,,SpanSpan,most,yes,nocollege,both8,mostlive,span,native,Chrome,Windows,1080,1920,5.055533333333333,142,Yes
0,none,without,mariposas,four,every,0.0,3,one_slider,Spanish,1,39,Male,4,,SpanSpan,most,yes,nocollege,under8,mostlive,span,native,Chrome,Mac,960,1280,9.215716666666667,143,Confused
0,none,with,dinosaurios,two,numeral,0.0,3,one_slider,Español,1,39,Female,2,"El elefante es malo respondiendo, pero el tiburón no se queda atrás con la forma de plantear la pregunta.",SpanSpan,none,noclasses,nocollege,both8,mostlive,span,native,Chrome,Windows,1080,1920,4.2324,144,Yes
0,none,without,ranas,four,every,1.0,3,one_slider,Español,2,23,Male,3,,SpanSpan,mid,yes,midsem,both8,mostlive,span,native,Firefox,Windows,900,1440,2.82825,145,Yes
0,none,with,dinosaurios,four,every,0.85,3,one_slider,español,2,23,Female,4,,SpanSpan,most,yes,nocollege,under8,mostlive,span,native,Safari,Mac,1440,2560,3.494083333333333,146,Yes
0,none,without,dinosaurios,two,numeral,1.0,3,one_slider,Español,2,23,Male,4,"El elefante estaba en lo cierto, pero con esa respuesta confunde donde clasificar el libro",SpanSpan,none,no,nocollege,both8,mostlive,span,native,Chrome,Windows,1080,1920,3.8231333333333333,147,Yes
0,none,with,leones,two,every,0.21,3,one_slider,español,0,29,Male,3,,SpanSpan,none,noclasses,nocollege,both8,mostlive,span,native,Chrome,Windows,1080,1920,3.22125,148,Yes
0,none,without,leones,four,numeral,1.0,3,one_slider,Español,1,22,Male,2,Me gustaria conocer la finalidad del estudio.,SpanSpan,most,yes,mostsem,both8,mostlive,span,native,Firefox,Linux,720,1280,6.004016666666667,149,Yes
0,none,without,leones,four,every,0.83,3,one_slider,Español,2,38,Female,1,,SpanSpan,none,no,nocollege,both8,mostlive,span,native,Chrome,Windows,864,1536,2.4103333333333334,150,Yes
0,none,with,ranas,four,every,0.27,3,one_slider,,-1,,,-1,,,,,,,,,,Chrome,Windows,768,1366,3.97455,151,
0,none,with,dinosaurios,four,numeral,1.0,3,one_slider,español,2,35,Male,3,Me encantan este tipo de encuestas,SpanSpan,none,noclasses,nocollege,,mostlive,span,advanced,Chrome,Windows,864,1536,3.5216666666666665,152,Yes
0,none,without,mariposas,four,every,1.0,3,one_slider,Español,2,35,Female,3,"Es muy creativo pero la interfaz no funcionó muy bien al final.
",SpanSpan,most,yes,nocollege,both8,mostlive,span,native,Chrome,Windows,768,1366,3.8707833333333332,153,Yes
0,none,with,leones,two,numeral,0.1,3,one_slider,Español,2,29,Male,3,,SpanSpan,most,yes,nocollege,both8,mostlive,span,native,Chrome,Windows,620,1102,4.104283333333333,154,Yes
0,none,with,ranas,four,numeral,0.74,3,one_slider,español,1,27,Female,1,He notado que el cuento y las preguntas están escritos por un hablante de español sudamericano y hay cosas que se expresan de manera diferente a mi español. Mi lengua materna es el español de España.,SpanSpan,none,noclasses,nocollege,both8,mostlive,span,native,Chrome,Windows,768,1366,8.672683333333334,155,Yes
0,none,without,ranas,four,every,0.0,3,one_slider,Español,1,21,Male,2,,SpanSpan,none,no,nocollege,both8,mostlive,span,native,Chrome,Windows,1080,1920,1.5496,156,No
0,none,with,mariposas,two,numeral,0.99,3,one_slider,Español,1,22,Female,3,,SpanSpan,none,noclasses,nocollege,both8,mostlive,span,native,Chrome,Windows,768,1366,1.9339333333333333,157,Yes
0,none,with,mariposas,two,every,0.0,3,one_slider,Español,1,26,Female,3,,SpanSpan,small,yes,onesem,neverlived,neverlived,span,int,Chrome,Windows,1080,1920,3.1206833333333335,158,Confused
0,none,with,mariposas,two,numeral,1.0,3,one_slider,espanol,1,28,Male,4,n/a,SpanSpan,most,yes,nocollege,both8,mostlive,span,native,Chrome,Windows,864,1536,4.171666666666667,159,Yes
0,none,without,mariposas,four,every,0.0,3,one_slider,español,1,27,Female,3,,SpanSpan,most,yes,mostsem,both8,mostlive,span,native,Chrome,Windows,864,1536,1.7312,160,Yes
0,none,without,dinosaurios,four,every,0.02,3,one_slider,Español,2,23,Male,3,,SpanSpan,none,noclasses,nocollege,both8,mostlive,span,native,Firefox,Linux,752,360,3.5743833333333335,161,Yes
0,none,with,mariposas,two,numeral,0.0,3,one_slider,español,1,27,Male,3,"estan graciosos los muñecos del delfin y elefante
pero mas del delfin
me dio mucha risa la tarea",SpanSpan,most,yes,nocollege,over8,mostlive,span,native,Chrome,Windows,1080,1920,3.6745666666666668,162,Yes
0,none,with,dinosaurios,four,numeral,0.81,3,one_slider,Español,1,26,Male,3,,SpanSpan,most,no,nocollege,both8,mostlive,span,native,Chrome,Linux,830,393,4.288466666666666,163,Yes
0,none,with,mariposas,four,numeral,1.0,3,one_slider,Español,1,28,Male,3,No tengo ningun comentario constructivo,SpanSpan,none,no,nocollege,under8,mostlive,spaneng,native,Chrome,Windows,1080,1920,3.9801,164,Yes
0,none,without,dinosaurios,two,numeral,0.0,3,one_slider,"Español, English",1,25,Male,2,,SpanSpan,most,yes,nocollege,both8,mostlive,spaneng,native,Firefox,Windows,1080,1920,2.447033333333333,165,Yes
0,none,without,dinosaurios,four,every,1.0,3,one_slider,Español,2,26,Male,4,,SpanSpan,none,noclasses,nocollege,both8,mostlive,span,native,Chrome,Windows,1080,1920,2.831733333333333,166,Yes
0,none,with,ranas,four,numeral,1.0,3,one_slider,Español,1,26,Male,4,,SpanSpan,none,noclasses,nocollege,both8,mostlive,span,native,Firefox,Windows,1080,1920,3.0376,167,Yes
0,none,without,ranas,two,numeral,0.73,3,one_slider,Español,2,21,Female,3,,SpanSpan,small,yes,nocollege,under8,mostlive,span,native,Safari,iPhone/iPod,667,375,2.9038666666666666,168,Yes
0,none,without,dinosaurios,two,numeral,0.0,3,one_slider,Español,1,25,Male,3,,SpanSpan,most,yes,onesem,both8,mostlive,spaneng,native,Chrome,Windows,800,1280,1.60495,169,Yes
0,none,without,dinosaurios,two,numeral,0.0,3,one_slider,Español,2,37,Male,4,,SpanSpan,most,yes,nocollege,both8,mostlive,span,native,Chrome,Windows,768,1366,5.52935,170,Yes
0,none,without,ranas,two,numeral,0.02,3,one_slider,Español,2,56,Male,4,,SpanSpan,most,noclasses,nocollege,neverlived,neverlived,span,native,Chrome,Windows,768,1366,2.81425,171,Yes
0,none,with,leones,four,numeral,0.86,3,one_slider,Español,1,20,Female,2,,SpanSpan,most,no,nocollege,both8,mostlive,spaneng,native,Chrome,Windows,864,1536,4.728283333333334,172,Yes
0,none,without,leones,two,numeral,0.0,3,one_slider,Español,1,41,Female,4,,SpanSpan,most,yes,mostsem,both8,mostlive,span,native,Chrome,Windows,1080,1920,2.2844333333333333,173,Yes
0,none,without,mariposas,two,every,0.27,3,one_slider,Español,1,39,Male,3,Es necesario mejorar la traducción para que se sienta más natural,SpanSpan,most,yes,nocollege,both8,mostlive,span,native,Chrome,Mac,1440,2560,3.0612666666666666,174,Yes
0,none,without,dinosaurios,four,every,0.18,3,one_slider,español,1,19,Female,1,,SpanSpan,most,yes,nocollege,both8,mostlive,span,native,Chrome,Windows,900,1600,2.3299333333333334,175,Yes
0,none,without,mariposas,four,numeral,0.89,3,one_slider,Español,1,28,Male,1,"Creo que lo hice bien, pero no se porque creo que hubo una pilleria o un truco xD",SpanSpan,most,no,onesem,both8,mostlive,span,native,Chrome,Linux,1080,1920,3.5233833333333333,176,Yes
0,none,with,ranas,four,numeral,1.0,3,one_slider,Castellano,2,32,Male,4,,SpanSpan,most,noclasses,nocollege,both8,mostlive,span,,Chrome,Linux,720,360,3.9233833333333332,177,Yes
0,none,without,dinosaurios,four,numeral,0.98,3,one_slider,Español,1,36,Female,3,,SpanSpan,most,yes,nocollege,both8,mostlive,span,native,Chrome,Linux,869,412,4.09875,178,Yes
0,none,with,ranas,two,every,0.26,3,one_slider,español,1,19,Female,1,,SpanSpan,most,yes,nocollege,both8,mostlive,span,native,Chrome,Windows,900,1600,0.23286666666666667,179,Yes
0,none,without,dinosaurios,two,every,0.96,3,one_slider,Español,1,22,Male,4,,SpanSpan,none,no,nocollege,both8,mostlive,span,native,Chrome,Windows,1080,1920,2.784283333333333,180,Yes
0,none,with,ranas,two,every,0.24,3,one_slider,Español,2,20,Male,3,Creo que solo saltó una y la otra no. Muchas gracias,SpanSpan,most,noclasses,nocollege,both8,mostlive,span,native,Firefox,Windows,864,1536,2.7988166666666667,181,No
0,none,with,mariposas,four,numeral,1.0,3,one_slider,Español,1,23,Female,3,"No tengo comentarios, se entiende bien",SpanSpan,most,no,nocollege,both8,mostlive,span,native,Chrome,Windows,768,1366,3.1747833333333335,182,Yes
0,none,with,mariposas,two,numeral,0.1,3,one_slider,Español,1,21,Male,2,,SpanSpan,most,yes,nocollege,both8,mostlive,span,native,Chrome,Linux,780,360,2.8443833333333335,183,Yes
0,none,without,leones,two,numeral,0.98,3,one_slider,Español ,1,71,Female,3,,SpanSpan,most,yes,nocollege,under8,mostlive,spaneng,native,Chrome,Linux,640,360,7.263016666666666,184,Confused
0,none,with,dinosaurios,four,numeral,0.99,3,one_slider,Español,1,28,Female,3,,SpanSpan,most,yes,nocollege,both8,mostlive,span,native,Chrome,Windows,768,1366,2.6685,185,Yes
0,none,without,mariposas,two,numeral,0.5,3,one_slider,español,1,29,Male,4,,SpanSpan,none,noclasses,nocollege,both8,mostlive,span,native,Chrome,Windows,720,1280,4.491066666666667,186,Yes
0,none,without,mariposas,four,every,0.98,3,one_slider,Español,1,33,Male,4,,SpanSpan,most,yes,mostsem,both8,mostlive,span,native,Chrome,Windows,720,1280,3.1222666666666665,187,Yes
0,none,with,dinosaurios,four,every,0.09,3,one_slider,Español,1,21,Male,1,,SpanSpan,most,yes,nocollege,both8,mostlive,span,native,Chrome,Windows,768,1366,3.4147833333333333,188,Yes
0,none,without,ranas,two,every,0.97,3,one_slider,Español,1,24,Male,3,"Es muy agradable responder estos retos, lo digo como hispanohablante nativo y estoy seguro que esto supondrá un reto para alguien que aprendió español como segunda lengua.",SpanSpan,most,yes,nocollege,both8,mostlive,span,native,Chrome,Windows,900,1600,6.8216833333333335,189,Yes
0,none,with,ranas,four,numeral,0.91,3,one_slider,Español,1,21,Female,4,,SpanSpan,none,no,nocollege,both8,mostlive,span,native,Safari,iPhone/iPod,667,375,2.2467,190,Yes
0,none,with,mariposas,two,numeral,0.98,3,one_slider,Español ,1,19,Female,1,Interesante siento que aun cuando español es mi lengua materna hubo un poco de confusión con la redacción y creo que debería de practicar un poco más la redacción de textos. Me interesaría seguir Los resultados  de este estudio ,SpanSpan,most,noclasses,nocollege,both8,mostlive,span,native,Safari,an unknown OS,1024,768,5.23895,191,Yes
0,none,with,dinosaurios,four,every,0.0,3,one_slider,Español,1,29,Male,4,Me parece interesante. Leí las instrucciones y creo que hice el HIT correctamente.,SpanSpan,most,yes,midsem,both8,mostlive,span,native,Chrome,Windows,1080,1920,7.796516666666666,192,Yes
0,none,without,dinosaurios,two,numeral,0.11,3,one_slider,Español,2,19,Male,1,,SpanSpan,none,no,nocollege,both8,mostlive,span,native,Chrome,Windows,768,1366,7.2034,193,Yes
0,none,with,dinosaurios,two,every,0.0,3,one_slider,Español,-1,22,Male,3,,,,,,,,,,Chrome,Windows,768,1366,1.18355,194,Yes
0,none,without,leones,two,numeral,0.97,3,one_slider,Español,1,21,Female,3,,SpanSpan,most,yes,midsem,both8,mostlive,span,native,Chrome,Windows,768,1366,3.75745,195,Yes
0,none,with,dinosaurios,two,every,0.0,3,one_slider,,2,,,-1,,,none,no,nocollege,both8,mostlive,span,native,Chrome,Windows,768,1366,1.86445,196,
0,none,with,leones,two,every,0.0,3,one_slider,Español,2,30,Female,4,,SpanSpan,most,yes,nocollege,both8,mostlive,span,native,Chrome,Windows,864,1536,11.6249,197,Yes
0,none,with,leones,two,numeral,0.19,3,one_slider,,1,,,-1,"excelente estudio,me agradan los estudios en español.",,mid,yes,mostsem,both8,mostlive,spaneng,native,Firefox,Windows,768,1366,3.4531666666666667,198,
0,none,without,ranas,four,every,1.0,3,one_slider,Español,1,21,Female,2,,SpanSpan,most,yes,nocollege,both8,mostlive,span,native,Chrome,Windows,768,1366,2.0899,199,Yes
0,none,without,leones,two,numeral,0.94,3,one_slider,Español ,2,20,Female,1,Ha sido muy interesante,SpanSpan,most,yes,onesem,both8,mostlive,span,native,Safari,iPhone/iPod,736,414,3.32165,200,Yes
0,none,without,dinosaurios,two,numeral,0.0,3,one_slider,español,2,22,Male,4,Interesante experimento y bastante capcioso,SpanSpan,none,no,nocollege,both8,mostlive,span,native,Chrome,Windows,768,1360,10.038033333333333,201,Confused
0,none,with,dinosaurios,four,every,0.0,3,one_slider,Español,1,28,Male,3,Usar botones en vez de la barra seria mas fácil.,SpanSpan,most,yes,onesem,both8,mostlive,span,native,Chrome,Windows,1080,1920,4.2755833333333335,202,Yes
0,none,without,mariposas,two,numeral,0.04,3,one_slider,Castellano,0,45,Female,4,,SpanSpan,none,noclasses,nocollege,both8,mostlive,span,native,Chrome,Windows,864,1536,4.42185,203,Yes
0,none,without,leones,four,numeral,0.66,3,one_slider,Español,2,43,Female,4,El cuento para mí tenía dos interpretaciones porque la galleta podían comprarla dos leones entre los dos así que compraron los dos juntos una galleta o compraron cada uno media galleta porque se la repartieron entre los dos. Decidí que los dos fueron juntos y compraron una galleta. ,SpanSpan,none,noclasses,nocollege,both8,mostlive,spaneng,native,Chrome,Mac,900,1440,7.7456,204,Yes
0,none,without,leones,four,every,0.99,3,one_slider,Español,1,27,Female,4,,SpanSpan,none,noclasses,nocollege,both8,mostlive,span,native,Safari,Mac,800,1280,1.8616,205,Yes
0,none,without,leones,two,numeral,1.0,3,one_slider,Español,2,32,Male,1,,SpanSpan,none,no,nocollege,both8,mostlive,span,native,Firefox,Windows,1080,1920,2.254583333333333,206,Yes
0,none,without,dinosaurios,two,numeral,0.0,3,one_slider,Spanish/Español,2,30,Male,3,,SpanSpan,none,noclasses,nocollege,both8,mostlive,span,native,Chrome,Windows,1080,1920,3.519433333333333,207,Yes
0,none,without,leones,four,numeral,0.97,3,one_slider,español,2,53,Female,4,,SpanSpan,none,noclasses,nocollege,both8,mostlive,span,native,Chrome,Windows,720,1280,3.4968666666666666,208,Yes
0,none,without,mariposas,two,every,0.0,3,one_slider,Español,1,21,Male,1,,SpanSpan,none,no,nocollege,both8,mostlive,span,native,Firefox,Windows,768,1366,4.082766666666667,209,Yes
0,none,with,ranas,four,every,0.61,3,one_slider,Español,1,27,Male,4,,SpanSpan,most,yes,nocollege,both8,mostlive,span,native,Chrome,Windows,768,1366,1.8142833333333332,210,Yes
0,none,with,leones,two,numeral,0.05,3,one_slider,Español,2,22,Male,3,"Me pareció interesante porque uno no siempre entiende los textos, en Chile, que es donde vivo, tenemos un gran problema con esto... Espero haber respondido bien :) ",SpanSpan,mid,yes,onesem,both8,mostlive,span,native,Chrome,Linux,720,360,5.165916666666667,211,Yes
0,none,with,dinosaurios,four,numeral,0.91,3,one_slider,español,1,33,Female,3,,SpanSpan,mid,noclasses,nocollege,both8,mostlive,span,native,Chrome,Mac,800,1280,2.444933333333333,212,Yes
0,none,with,mariposas,two,every,0.0,3,one_slider,español,1,29,Male,3,,SpanSpan,none,noclasses,nocollege,both8,mostlive,span,native,Chrome,Windows,1080,1920,2.62755,213,Yes
0,none,with,dinosaurios,four,numeral,0.75,3,one_slider,Castellano,1,25,Female,4,,SpanSpan,most,yes,onesem,both8,mostlive,span,native,Chrome,Windows,768,1366,4.868233333333333,214,Yes
0,none,with,mariposas,two,numeral,1.0,3,one_slider,español,1,24,Male,2,,SpanSpan,most,no,nocollege,both8,mostlive,span,native,Firefox,Windows,900,1600,2.3678666666666666,215,Yes
0,none,without,mariposas,four,every,0.99,3,one_slider,español,2,29,Female,1,No tengo ningún comentario que hacer.,SpanSpan,most,yes,nocollege,both8,mostlive,span,native,Chrome,Windows,720,1280,5.170683333333334,216,Yes
0,none,without,mariposas,two,numeral,0.6,3,one_slider,español,2,37,Female,4,,SpanSpan,none,no,nocollege,both8,mostlive,span,native,Safari,Mac,1152,2048,2.139883333333333,217,Yes
0,none,without,dinosaurios,four,numeral,0.48,3,one_slider,español,1,29,Male,4,,SpanSpan,most,yes,nocollege,both8,mostlive,span,native,Chrome,Windows,720,1280,3.36715,218,Yes
0,none,with,dinosaurios,two,every,0.02,3,one_slider,Español,1,25,Female,3,,SpanSpan,mid,no,nocollege,both8,mostlive,span,native,Chrome,Linux,869,412,2.3973333333333335,219,Yes
0,none,without,ranas,four,every,0.0,3,one_slider,Español,1,23,Female,3,"La respuesta a la pregunta relacionada el tiburón y el elefante siento que solo debería tener tener dos alternativas, sí y no.",SpanSpan,most,noclasses,nocollege,both8,mostlive,spaneng,native,Chrome,Windows,768,1366,7.684033333333334,220,Yes
0,none,with,leones,two,every,1.0,3,one_slider,Español,1,35,Male,4,"Es un poco confuso porque no se habla así. Lo tomé desde el punto de vista lógico: Todos los elefantes compraron una galleta, como que cada uno de ellos compra una, y eso no sucedió.",SpanEng,most,noclasses,nocollege,both8,mostlive,span,native,Chrome,Linux,768,1366,4.655083333333334,221,Confused
0,none,with,leones,two,every,1.0,3,one_slider,Español,2,22,Male,4,"A sido entretenido la verdad, facil de pensar y divertido a la vez.",SpanSpan,most,yes,nocollege,both8,mostlive,span,native,Chrome,Windows,1080,1920,2.26345,222,Yes
0,none,with,ranas,four,every,1.0,3,one_slider,español,1,23,Male,2,Es un poco confuso y nosé si tomé la respuesta correcta,SpanSpan,small,no,nocollege,both8,mostlive,span,native,Chrome,Windows,768,1366,3.5967,223,Confused
0,none,with,ranas,two,every,0.99,3,one_slider,Inglés,2,22,Male,2,"cambiar ""colegio"" por ""universidad"" en la selección de nivel de educación",L2,most,yes,nocollege,over8,midlive,spaneng,near native,Chrome,Mac,800,1280,3.0631333333333335,224,Yes
0,none,with,ranas,two,numeral,0.0,3,one_slider,Español,1,19,Male,2,,SpanSpan,mid,yes,nocollege,both8,mostlive,span,native,Chrome,Windows,768,1366,2.86565,225,Yes
0,none,with,leones,four,numeral,0.99,3,one_slider,Español,2,26,Male,4,,SpanSpan,none,noclasses,nocollege,both8,mostlive,span,native,Chrome,Windows,1080,1920,1.59965,226,Yes
0,none,without,leones,two,numeral,0.0,3,one_slider,Español,2,39,Female,4,"El experimento es muy interesante y entretenido, realmente te hace pensar y leer varias veces.",SpanSpan,most,yes,midsem,both8,mostlive,span,native,Firefox,Windows,900,1600,4.28215,227,Yes
0,none,with,mariposas,two,every,0.16,3,one_slider,Español,1,24,Female,4,,SpanSpan,none,yes,nocollege,over8,mostlive,span,native,Chrome,Mac,900,1440,2.27835,228,No
0,none,without,mariposas,four,numeral,1.0,3,one_slider,espanol,1,37,Female,3,excelente me gusto,SpanSpan,none,no,nocollege,over8,mostlive,span,native,Chrome,Windows,768,1366,6.032216666666667,229,Yes
0,none,without,leones,two,every,1.0,3,one_slider,Español,2,19,Male,4,,SpanSpan,most,yes,mostsem,both8,mostlive,span,native,Chrome,Windows,1080,1920,1.6283166666666666,230,Yes
0,none,with,ranas,four,every,0.88,3,one_slider,Español,2,21,Male,1,,SpanSpan,none,noclasses,nocollege,both8,mostlive,span,native,Chrome,Windows,864,1536,2.3389333333333333,231,Yes
0,none,with,ranas,four,numeral,1.0,3,one_slider,español,1,28,Male,4,Es la primera prueba de este tipo que tomo y fue interesante,SpanSpan,most,no,nocollege,both8,mostlive,spaneng,native,Chrome,Windows,904,1607,3.4712833333333335,232,Yes
0,none,without,dinosaurios,two,numeral,0.0,3,one_slider,español,2,25,Male,3,las instrucciones son claras,SpanSpan,mid,yes,nocollege,both8,mostlive,span,native,Chrome,Windows,768,1366,4.417333333333334,233,Yes
0,none,without,ranas,two,numeral,0.0,3,one_slider,Español,1,31,Male,4,,SpanEng,none,noclasses,nocollege,both8,mostlive,span,native,Chrome,Mac,900,1440,3.13185,234,Yes
0,none,without,ranas,two,numeral,0.0,3,one_slider,Español,1,22,Male,2,,SpanSpan,most,yes,nocollege,over8,mostlive,span,native,Chrome,Windows,1080,1920,2.0096166666666666,235,Yes
0,none,with,ranas,four,numeral,1.0,3,one_slider,español,1,27,Male,3,Valoro cuando las preguntas se redactan de manera correcta.,SpanSpan,none,noclasses,nocollege,both8,mostlive,span,native,Chrome,Windows,768,1366,3.3918166666666667,236,Yes
0,none,without,leones,two,every,0.02,3,one_slider,español,2,26,Female,3,me agrado mucho los animales utilizados,SpanSpan,most,yes,midsem,both8,mostlive,span,native,Chrome,Windows,615,1093,4.0103333333333335,237,Yes
0,none,without,mariposas,two,numeral,0.11,3,one_slider,español,2,26,Male,1,Excelente encuesta y entretenida ,SpanSpan,mid,yes,midsem,both8,mostlive,span,near native,Chrome,Windows,768,1366,4.600266666666666,238,Yes
0,none,with,mariposas,two,every,0.99,3,one_slider,español,2,26,Male,2,,SpanSpan,most,yes,nocollege,both8,mostlive,span,native,Chrome,Windows,768,1366,3.024016666666667,239,Yes
0,none,without,mariposas,four,numeral,0.99,3,one_slider,Español,2,22,Female,2,,SpanSpan,mid,yes,nocollege,both8,mostlive,spaneng,native,Chrome,Windows,768,1366,5.043566666666667,240,Yes
