"","X","QUD","context","item","number","quantifier","response","slide_number","trial_type","language","enjoyment","age","gender","education","comments","describe","school","classes","college","lived","years","family","level","Browser","OS","screenH","screenW","time_in_minutes","participant_id","assess"
"5",0,"all","with","leones","two","every",0.89,3,"one_slider","Espa√±ol ",1,"21","Female",3,"","SpanSpan","most","no","nocollege","both8","mostlive","span","native","Safari","iPhone/iPod",812,375,3.02918333333333,5,"Yes"
"6",0,"none","without","ranas","four","every",1,3,"one_slider","Espa√±ola",1,"38","Male",4,"","SpanSpan","none","noclasses","nocollege","both8","mostlive","span","native","Chrome","Windows",1080,1920,2.81586666666667,6,"Yes"
"8",0,"none","without","mariposas","two","every",0.94,3,"one_slider","Espa√±ol",2,"33","Male",3,"","SpanSpan","none","no","nocollege","both8","mostlive","spaneng","native","Chrome","Linux",640,360,3.27846666666667,8,"Yes"
"12",0,"none","with","ranas","two","every",0.97,3,"one_slider","Espa√±ol",2,"33","Male",3,"No me queda claro para qu√© es el estudio. ","SpanSpan","most","no","nocollege","both8","mostlive","span","native","Chrome","Linux",780,360,3.49523333333333,12,"Yes"
"13",0,"all","without","leones","four","every",0,3,"one_slider","Espa√±ol",2,"22","Male",1,"Algo entretenido. Definitivamente distinto a los dem√°s. ","SpanSpan","most","yes","onesem","both8","mostlive","span","native","Chrome","Windows",1080,1920,3.48665,13,"Yes"
"17",0,"many","without","leones","two","every",0.01,3,"one_slider","espa√±ol",2,"36","Male",3,"","SpanSpan","most","noclasses","nocollege","both8","mostlive","span","native","Chrome","Mac",1440,2560,3.48943333333333,17,"Yes"
"18",0,"none","with","ranas","two","every",0.5,3,"one_slider","Espa√±ol",2,"23","Female",3,"es bueno","SpanSpan","most","yes","nocollege","both8","mostlive","span","native","Chrome","Windows",768,1366,3.06455,18,"Yes"
"19",0,"all","with","ranas","four","every",0.92,3,"one_slider","Espa√±ol",1,"31","Female",1,"","SpanSpan","most","noclasses","nocollege","both8","mostlive","span","native","Chrome","Linux",640,360,3.67076666666667,19,"Yes"
"20",0,"many","without","dinosaurios","four","every",0.03,3,"one_slider","espa√±ol",2,"53","Male",4,"encuesta interesante","SpanSpan","most","yes","nocollege","both8","mostlive","span","native","Chrome","Windows",768,1366,4.17645,20,"Yes"
"23",0,"many","without","dinosaurios","two","every",0,3,"one_slider","espa√±ol",2,"18","Male",1,"","SpanSpan","most","yes","nocollege","both8","mostlive","span","native","Firefox","Windows",768,1366,3.54596666666667,23,"Yes"
"25",0,"none","without","ranas","two","every",0.9,3,"one_slider","Espa√±ol",1,"23","Male",4,"","SpanSpan","none","noclasses","nocollege","both8","mostlive","span","native","Firefox","Windows",768,1366,2.77131666666667,25,"Yes"
"26",0,"many","without","leones","two","every",0.02,3,"one_slider","Espa√±ol",1,"37","Other",3,"","SpanSpan","none","noclasses","nocollege","both8","mostlive","span","native","Chrome","Linux",640,360,2.21785,26,"Yes"
"27",0,"many","with","mariposas","four","every",0,3,"one_slider","Espa√±ol",1,"19","Male",3,"","SpanSpan","most","yes","nocollege","both8","mostlive","span","native","Chrome","Windows",768,1366,3.08273333333333,27,"Yes"
"29",0,"many","with","ranas","four","every",1,3,"one_slider","espa√±ol",1,"39","Female",3,"El elefante tendr√° raz√≥n, pero es un pedante :P","SpanSpan","most","noclasses","nocollege","both8","mostlive","span","native","Chrome","Windows",1080,1920,3.95971666666667,29,"Yes"
"30",0,"none","with","leones","four","every",0.99,3,"one_slider","espa√±ol",2,"23","Female",4,"","SpanSpan","most","yes","mostsem","both8","mostlive","span","native","Safari","Mac",900,1440,2.21243333333333,30,"Yes"
"32",0,"all","without","dinosaurios","two","every",1,3,"one_slider","Espa√±ol",1,"19","Female",2,"","SpanSpan","mid","no","nocollege","both8","mostlive","span","native","Chrome","Windows",768,1366,4.77713333333333,32,"Yes"
"33",0,"many","with","mariposas","two","every",0.11,3,"one_slider","Espa√±ol",1,"34","Male",4,"","SpanEng","most","yes","nocollege","both8","mostlive","span","native","Chrome","Linux",760,360,4.33,33,"Yes"
"34",0,"none","without","dinosaurios","four","every",0,3,"one_slider","espa√±ol",2,"24","Female",3,"ninguno","SpanSpan","most","yes","midsem","both8","mostlive","span","native","Chrome","Windows",768,1366,2.1184,34,"Yes"
"35",0,"all","with","leones","two","every",0.51,3,"one_slider","espa√±ol",2,"23","Male",3,"Interesante ya que segun mi punto de vista el enunciado podia ser interpretado de ambas formas, pero me puso a pensar","SpanSpan","most","yes","nocollege","both8","mostlive","span","native","Chrome","Windows",768,1366,2.04471666666667,35,"Yes"
"37",0,"many","with","leones","four","every",0.29,3,"one_slider","Espa√±ol",1,"32","Male",4,"Fue bastante claro y un buen detalle es el tipo de contexto que otorgan, el amigo tibur√≥n y el amigo elefante me encantaron","SpanSpan","most","yes","nocollege","both8","mostlive","span","native","Chrome","Linux",786,393,6.82946666666667,37,"Yes"
"38",0,"many","without","ranas","two","every",0.99,3,"one_slider","Espa√±ol",2,"26","Male",3,"","SpanSpan","none","noclasses","nocollege","both8","mostlive","span","native","Firefox","Windows",768,1366,2.7867,38,"Yes"
"40",0,"none","without","ranas","four","every",1,3,"one_slider","Espa√±a",1,"22","Male",1,"","SpanSpan","none","no","nocollege","both8","mostlive","span","native","Chrome","Windows",768,1366,2.4293,40,"Yes"
"42",0,"many","without","leones","two","every",0.98,3,"one_slider","espa√±ol",2,"26","Male",2,"","SpanSpan","most","no","nocollege","both8","mostlive","span","native","Chrome","Windows",768,1366,3.04651666666667,42,"Yes"
"43",0,"all","with","mariposas","four","every",1,3,"one_slider","Espa√±ol",2,"20","Male",3,"","SpanSpan","most","no","nocollege","both8","mostlive","span","native","Chrome","Windows",864,1536,1.65463333333333,43,"Yes"
"45",0,"none","with","mariposas","two","every",0.21,3,"one_slider","Espa√±ol",2,"41","Female",3,"He le√≠do el texto dos veces.","SpanSpan","most","yes","mostsem","both8","mostlive","span","native","Chrome","Linux",892,412,4.20461666666667,45,"Yes"
"46",0,"none","with","ranas","four","every",1,3,"one_slider","Espa√±ol",2,"19","Male",2,"Experimento muy interesante sobre l√≥gica","SpanSpan","most","noclasses","nocollege","both8","mostlive","span","native","Chrome","Windows",1080,1920,2.66688333333333,46,"Yes"
"48",0,"many","without","dinosaurios","two","every",0,3,"one_slider","Espa√±ol",1,"20","Male",3,"","SpanEng","none","no","nocollege","both8","mostlive","span","native","Chrome","Mac",800,1280,2.37848333333333,48,"Yes"
"50",0,"all","without","mariposas","four","every",0.1,3,"one_slider","espa√±ol",1,"25","Male",4,"","SpanSpan","most","no","nocollege","both8","mostlive","span","native","Chrome","Windows",768,1366,2.98381666666667,50,"Yes"
"57",0,"many","with","mariposas","two","every",0.93,3,"one_slider","Espa√±ol",2,"22","Male",2,"Me parece que se puede prestar a equivocaciones, bastante interesante el HIT","SpanSpan","none","no","nocollege","both8","mostlive","span","native","Chrome","Linux",360,640,2.45713333333333,57,"Yes"
"58",0,"all","without","mariposas","two","every",1,3,"one_slider","Espa√±ol",1,"21","Male",4,"","SpanSpan","none","no","nocollege","both8","mostlive","span","native","Chrome","Windows",1080,1920,3.14425,58,"Yes"
"59",0,"none","without","leones","two","every",0.75,3,"one_slider","espa√±ol",2,"40","Male",3,"La frase del elefante es una estructura que no se utiliza en espa√±ol por ser sint√°cticamente ambigua.","SpanSpan","most","yes","mostsem","both8","mostlive","span","native","Chrome","Linux",1080,1920,5.25595,59,"Yes"
"61",0,"many","without","ranas","two","every",0.88,3,"one_slider","Espa√±ol",2,"34","Female",4,"","SpanSpan","most","noclasses","nocollege","both8","mostlive","spaneng","native","Chrome","Linux",771,360,5.41256666666667,61,"Yes"
"63",0,"none","with","leones","four","every",0.98,3,"one_slider","Espa√±ol ",2,"41","Female",3,"He le√≠do el texto dos veces.","SpanSpan","most","yes","mostsem","both8","mostlive","span","native","Chrome","Linux",892,412,2.35745,63,"Yes"
"65",0,"none","with","ranas","two","every",0,3,"one_slider","Espa√±ol",1,"21","Male",1,"","SpanSpan","small","yes","nocollege","both8","mostlive","span","native","Chrome","Windows",768,1366,3.4784,65,"Yes"
"68",0,"none","without","dinosaurios","four","every",1,3,"one_slider","Espa√±ol",2,"32","Female",4,"La afirmaci√≥n del elefante no queda del todo clara","SpanSpan","most","noclasses","nocollege","both8","mostlive","span","native","Chrome","Windows",768,1366,4.71188333333333,68,"Yes"
"72",0,"all","without","dinosaurios","two","every",1,3,"one_slider","Espa√±ol",1,"30","Female",3,"parec√≠a ser bastante pueril por la din√°mica y los ""protagonistas"", pero ten√≠a un nivel de l√≥gica y abstracci√≥n m√°s elevado","SpanSpan","most","yes","midsem","both8","mostlive","span","advanced","Chrome","Windows",720,1280,4.44678333333333,72,"Yes"
"73",0,"none","without","leones","four","every",0.02,3,"one_slider","espa√±ol",2,"35","Male",3,"","SpanSpan","most","yes","nocollege","both8","mostlive","span","native","Firefox","Windows",1050,1680,4.2444,73,"Yes"
"76",0,"none","with","mariposas","four","every",0,3,"one_slider","Espa√±ol",2,"20","Male",1,"Fue muy claro y rapido","SpanSpan","none","noclasses","nocollege","both8","mostlive","span","native","Chrome","Windows",1080,1920,2.15105,76,"No"
"78",0,"many","without","dinosaurios","four","every",0.04,3,"one_slider","Espa√±ol ",2,"24","Female",4,"","SpanSpan","most","yes","onesem","both8","mostlive","span","native","Safari","iPhone/iPod",736,414,3.85623333333333,78,"Yes"
"79",0,"all","without","ranas","four","every",0,3,"one_slider","espa√±ol",1,"29","Male",3,"","SpanSpan","none","noclasses","nocollege","both8","mostlive","span","native","Chrome","Windows",720,1280,4.59181666666667,79,"Yes"
"80",0,"none","with","ranas","four","every",0.98,3,"one_slider","Espa√±ol",2,"31","Female",4,"","SpanSpan","most","yes","midsem","both8","mostlive","span","native","Chrome","Windows",768,1366,3.1024,80,"Yes"
"81",0,"none","without","dinosaurios","four","every",0,3,"one_slider","Espa√±ol",1,"22","Male",4,"No demasiado, un poco corto e infantil. No se que querrian valorar pero est√° bien XD","SpanSpan","none","no","nocollege","both8","mostlive","span","native","Chrome","Windows",1080,1920,3.81685,81,"Yes"
"84",0,"all","with","mariposas","four","every",0.97,3,"one_slider","Espa√±ol",2,"26","Male",1,"Tengan buen d√≠aüôÇ","SpanSpan","none","no","nocollege","both8","mostlive","span","native","Chrome","Linux",851,393,3.94015,84,"Yes"
"85",0,"all","without","mariposas","four","every",0.91,3,"one_slider","Castellano",1,"21","Female",4,"","SpanSpan","most","yes","nocollege","both8","mostlive","span","native","Safari","iPhone/iPod",667,375,2.79485,85,"Yes"
"86",0,"many","without","mariposas","two","every",0.64,3,"one_slider","espa√±ol",1,"22","Male",3,"","SpanSpan","most","noclasses","nocollege","both8","mostlive","span","native","Chrome","Windows",1080,1920,3.19608333333333,86,"Yes"
"88",0,"many","with","dinosaurios","four","every",1,3,"one_slider","espa√±ol",2,"36","Female",4,"Muy bueno. Entretenido","SpanSpan","none","noclasses","nocollege","both8","mostlive","span","native","Chrome","Windows",768,1366,5.49336666666667,88,"Yes"
"89",0,"all","without","mariposas","four","every",0.84,3,"one_slider","Espa√±ol",1,"29","Male",3,"Raro.","SpanSpan","most","no","nocollege","both8","mostlive","span","native","Chrome","Linux",757,360,4.85495,89,"Yes"
"94",0,"all","without","leones","two","every",0.22,3,"one_slider","Espa√±ol",1,"21","Female",3,"","SpanSpan","most","yes","nocollege","both8","mostlive","span","native","Chrome","Linux",640,360,2.4249,94,"Yes"
"99",0,"many","without","dinosaurios","two","every",0,3,"one_slider","Espa√±ol",1,"21","Male",2,"","SpanSpan","none","noclasses","nocollege","both8","mostlive","span","native","Chrome","Windows",768,1360,4.26268333333333,99,"Yes"
"100",0,"many","with","ranas","four","every",0,3,"one_slider","espa√±ol",1,"33","Male",3,"el texto que se refiere a lo que dijo el elefante al final esta algo mal redactado.","SpanSpan","most","yes","nocollege","both8","mostlive","span","native","Firefox","Windows",900,1600,8.38981666666667,100,"Yes"
"101",0,"none","with","dinosaurios","two","every",0.24,3,"one_slider","Spanish",1,"48","Female",3,"","SpanSpan","most","yes","nocollege","both8","mostlive","spaneng","native","Chrome","Windows",768,1366,6.13645,101,"Yes"
"102",0,"all","with","leones","four","every",1,3,"one_slider","Espa√±ol",1,"28","Male",3,"","SpanSpan","most","yes","nocollege","both8","mostlive","span","native","Chrome","Windows",1080,1920,3.608,102,"Yes"
"103",0,"none","with","mariposas","two","every",0,3,"one_slider","Espa√±ol",2,"44","Male",3,"Estaba Bien. De Pensar Algo Que Aparentemente Era Algo Muy Sencillo.","SpanSpan","most","yes","mostsem","both8","mostlive","span","native","Chrome","Windows",768,1366,5.30735,103,"Yes"
"104",0,"many","without","mariposas","two","every",0.55,3,"one_slider","Espa√±ol",1,"42","Female",4,"","SpanSpan","","noclasses","nocollege","both8","mostlive","spaneng","native","Chrome","Linux",640,360,4.13293333333333,104,"Yes"
"107",0,"none","with","leones","four","every",0.72,3,"one_slider","Espa√±ol",2,"21","Male",4,"","SpanSpan","most","yes","nocollege","both8","mostlive","span","native","Chrome","Linux",800,1280,3.25898333333333,107,"Yes"
"109",0,"all","with","leones","two","every",0.01,3,"one_slider","Espa√±ol",0,"26","Male",4,"","SpanSpan","none","noclasses","nocollege","both8","mostlive","span","native","Firefox","Windows",1080,1920,9.81596666666667,109,"Yes"
"117",0,"none","without","ranas","two","every",0.29,3,"one_slider","Espa√±ol",1,"38","Male",2,"nada que comentar, todo se ve bien","SpanSpan","most","yes","onesem","both8","mostlive","spaneng","native","Chrome","Windows",768,1366,4.77451666666667,117,"Yes"
"119",0,"many","without","dinosaurios","two","every",0,3,"one_slider","Espa√±ol",2,"21","Female",2,"","SpanSpan","none","no","nocollege","both8","mostlive","span","native","Chrome","Windows",768,1366,3.57298333333333,119,"Yes"
"123",0,"none","with","mariposas","four","every",0.54,3,"one_slider","Espa√±ol",1,"25","Female",3,"","SpanSpan","none","no","nocollege","both8","mostlive","span","native","Chrome","Windows",768,1366,4.08561666666667,123,"Yes"
"128",0,"many","with","leones","two","every",0.92,3,"one_slider","Espa√±ol",1,"27","Male",2,"Este estudio me parecio interesante.","SpanEng","most","yes","onesem","both8","mostlive","spaneng","native","Chrome","Windows",900,1600,4.16435,128,"Yes"
"134",0,"many","without","dinosaurios","two","every",0.94,3,"one_slider","Espa√±ol",2,"28","Female",4,"","SpanEng","none","no","nocollege","both8","mostlive","span","native","Chrome","Linux",640,360,2.5286,134,"Yes"
"137",0,"none","without","ranas","two","every",0.44,3,"one_slider","Espa√±ol",2,"34","Female",4,"","SpanSpan","","","","both8","mostlive","span","native","Safari","Mac",1024,768,2.64978333333333,137,"Yes"
"140",0,"many","without","dinosaurios","four","every",0.39,3,"one_slider","Espa√±ol",2,"19","Female",3,"Instrucciones claras y ejercicio sencillo de comprensi√≥n, interactivo y f√°cil.","SpanSpan","none","no","nocollege","both8","mostlive","span","native","Chrome","Linux",720,360,3.18491666666667,140,"Yes"
"144",0,"all","without","leones","four","every",0.99,3,"one_slider","Espa√±ol",2,"42","Male",3,"Me ha parecido f√°cil de responder","SpanSpan","most","noclasses","nocollege","both8","mostlive","span","native","Chrome","Linux",640,360,7.03143333333333,144,"Yes"
"146",0,"many","without","mariposas","two","every",0.94,3,"one_slider","Espa√±ol",1,"26","Male",3,"","SpanSpan","none","no","nocollege","both8","mostlive","span","native","Safari","iPhone/iPod",667,375,3.36955,146,"Yes"
"148",0,"all","without","mariposas","two","every",1,3,"one_slider","Espa√±a",1,"22","Male",4,"","SpanSpan","none","noclasses","nocollege","both8","mostlive","span","native","Chrome","Windows",1080,1920,1.89813333333333,148,"Yes"
"151",0,"all","with","ranas","four","every",1,3,"one_slider","Espa√±ol",0,"25","Male",3,"","SpanSpan","none","noclasses","nocollege","both8","mostlive","span","native","Chrome","Windows",1080,1920,2.04658333333333,151,"Yes"
"152",0,"all","with","dinosaurios","four","every",0.92,3,"one_slider","Espa√±ol ",2,"27","Male",3,"Todo excelente ","SpanSpan","most","yes","nocollege","both8","mostlive","span","native","Safari","iPhone/iPod",896,414,2.39625,152,"Yes"
"156",0,"all","with","dinosaurios","two","every",0,3,"one_slider","Espa√±ol",2,"23","Female",1,"","SpanSpan","none","no","nocollege","both8","mostlive","span","native","Chrome","Linux",570,320,3.93441666666667,156,"Yes"
"159",0,"all","without","ranas","four","every",1,3,"one_slider","Espa√±ol",1,"30","Male",3,"","SpanSpan","most","no","nocollege","both8","mostlive","span","native","Chrome","Windows",768,1366,3.00048333333333,159,"Yes"
"160",0,"many","with","leones","four","every",0,3,"one_slider","Espa√±ol",1,"26","Male",3,"","SpanSpan","most","yes","nocollege","both8","mostlive","span","native","Chrome","Linux",640,320,3.10445,160,"Yes"
"161",0,"all","without","ranas","four","every",1,3,"one_slider","Espa√±ol",2,"23","Male",1,"","SpanSpan","none","no","nocollege","both8","mostlive","span","native","Chrome","Windows",1080,1920,5.1794,161,"Yes"
"163",0,"all","without","dinosaurios","four","every",0.84,3,"one_slider","espa√±ol",1,"27","Female",3,"","SpanSpan","mid","yes","nocollege","both8","mostlive","span","native","Firefox","Windows",768,1366,2.42535,163,"Yes"
"167",0,"none","without","ranas","two","every",0.81,3,"one_slider","Espa√±ol",1,"19","Female",1,"","SpanSpan","none","no","nocollege","both8","mostlive","span","native","Firefox","Windows",864,1536,3.78111666666667,167,"Yes"
"171",0,"none","with","leones","two","every",1,3,"one_slider","Esp√†√±ol",1,"30","Male",4,"Es ambiguo, y hay algunas faltas de ortograf√≠a","SpanSpan","most","noclasses","nocollege","both8","mostlive","span","native","Chrome","Windows",864,1536,3.87618333333333,171,"Yes"
"172",0,"all","with","dinosaurios","two","every",0.87,3,"one_slider","Espa√±ol",1,"21","Male",0,"","SpanSpan","none","no","nocollege","both8","mostlive","span","int","Chrome","Windows",864,1536,1.01125,172,"Yes"
"175",0,"all","without","ranas","four","every",0.98,3,"one_slider","espanol",2,"64","Male",3,"Este experimento es bueno para evaluar el nivel de conocimineto de una persona sobre el idioma espanol","SpanSpan","most","yes","nocollege","both8","mostlive","span","native","Chrome","Windows",900,1440,3.56011666666667,175,"Yes"
"179",0,"many","with","dinosaurios","two","every",0,3,"one_slider","Espa√±ol",1,"22","Male",1,"","SpanSpan","none","noclasses","nocollege","both8","mostlive","span","native","Chrome","Windows",864,1536,2.5824,179,"Yes"
"193",0,"many","without","mariposas","four","every",0.5,3,"one_slider","Espa√±ol",0,"29","Female",4,"","SpanSpan","most","yes","nocollege","both8","mostlive","span","native","Chrome","Windows",720,1280,3.82133333333333,193,"Yes"
"194",0,"many","without","mariposas","two","every",0,3,"one_slider","Espa√±ol",2,"29","Male",3,"","SpanSpan","most","yes","mostsem","both8","mostlive","span","native","Chrome","Windows",768,1366,2.77935,194,"Yes"
"197",0,"none","with","ranas","four","every",0.99,3,"one_slider","Espa√±ol",1,"26","Female",4,"Es un poco enredado pero supongo que de eso se trata.","SpanSpan","most","yes","nocollege","both8","mostlive","span","native","Safari","iPhone/iPod",896,414,4.79721666666667,197,"Yes"
"200",0,"many","with","dinosaurios","four","every",0.98,3,"one_slider","Espa√±a",1,"46","Female",4,"ha sido entretenido","SpanSpan","most","yes","nocollege","both8","mostlive","span","native","Chrome","Mac",1050,1680,2.35645,200,"Yes"
"201",0,"many","without","mariposas","two","every",0.84,3,"one_slider","Espa√±ol",1,"36","Female",4,"","SpanEng","most","yes","nocollege","both8","mostlive","spaneng","native","Safari","iPhone/iPod",812,375,22.1553166666667,201,"Yes"
"203",0,"none","with","leones","four","every",0,3,"one_slider","Espa√±ol",1,"21","Female",1,"","SpanSpan","none","noclasses","nocollege","both8","mostlive","span","native","Chrome","Windows",768,1366,2.06435,203,"Yes"
"204",0,"none","without","ranas","four","every",0.16,3,"one_slider","Espa√±ol",1,"28","Male",4,"","SpanSpan","none","yes","nocollege","both8","mostlive","span","native","Chrome","Windows",768,1366,3.50758333333333,204,"Yes"
"208",0,"many","without","dinosaurios","two","every",1,3,"one_slider","Castellano",1,"27","Female",4,"","SpanSpan","most","yes","nocollege","both8","mostlive","span","native","Chrome","Windows",1080,1920,3.38888333333333,208,"Yes"
"209",0,"all","with","dinosaurios","two","every",0.42,3,"one_slider","Espa√±ol",2,"25","Male",4,"","SpanSpan","most","yes","nocollege","both8","mostlive","span","native","Chrome","Windows",900,1600,14.2807833333333,209,"Yes"
"210",0,"none","with","dinosaurios","two","every",0.03,3,"one_slider","Espa√±ol",1,"25","Male",4,"","SpanSpan","most","noclasses","nocollege","both8","mostlive","span","native","Chrome","Linux",720,360,6.25715,210,"Yes"
"211",0,"all","with","mariposas","four","every",0.95,3,"one_slider","Espa√±ol",1,"22","Male",1,"","SpanSpan","most","yes","nocollege","both8","mostlive","span","native","Chrome","Windows",720,1280,4.4563,211,"Yes"
"212",0,"many","with","mariposas","four","every",0.92,3,"one_slider","Espa√±ol",2,"35","Male",3,"Me gusto que tuviera im√°genes y no solo texto ","SpanSpan","most","yes","nocollege","both8","mostlive","span","native","Chrome","Linux",640,360,4.01823333333333,212,"Yes"
"215",0,"all","with","dinosaurios","four","every",0.69,3,"one_slider","Espa√±ol",1,"25","Female",3,"Sent√≠ que no era una respuesta normal en espa√±ol, sonaba m√°s como respuesta traducida de ingl√©s a espa√±ol. ","SpanSpan","most","yes","mostsem","both8","mostlive","spaneng","native","Chrome","Windows",1080,1920,4.49821666666667,215,"Yes"
"217",0,"all","without","leones","four","every",0.61,3,"one_slider","espa√±ol",1,"24","Male",3,"","SpanSpan","most","noclasses","nocollege","both8","mostlive","span","native","Firefox","Windows",864,1536,4.78898333333333,217,"Yes"
"220",0,"many","without","leones","four","every",0.93,3,"one_slider","espa√±ol",1,"23","Female",3,"","SpanSpan","most","no","nocollege","both8","mostlive","span","native","Chrome","Windows",900,1600,2.07006666666667,220,"Yes"
"224",0,"many","without","mariposas","four","every",0.86,3,"one_slider","Espa√±ol",2,"19","Female",3,"Un experimento muy curioso la verdad, me ha gustado, r√°pido, entretenido y te hace pensar, muy bueno.","SpanSpan","most","yes","nocollege","both8","mostlive","span","native","Chrome","Windows",768,1366,3.44748333333333,224,"Yes"
"225",0,"all","without","leones","two","every",0.48,3,"one_slider","Espa√±ol",1,"23","Male",4,"Creo haber entendido que mi trabajo era asegurar que Elefante dijera bien las frases en espa√±ol. Entonces que haya dicho ""Todos los leones no compraron una galleta"" no est√° del todo mal, porque aunque gramaticalmente no se escribir√≠a as√≠ el mensaje se entiende. El juicio de valor que yo ten√≠a que hacer, en si estaba bien escrito o no, yo coloqu√© el marcador en medio, por lo que les explicaba antes. Espero no haber errado. :) ","SpanSpan","most","yes","mostsem","both8","mostlive","span","native","Chrome","Windows",900,1600,10.4531,225,"Yes"
"230",0,"many","with","leones","four","every",0.51,3,"one_slider","Espa√±ol",1,"19","Male",1,"Es un tanto confuso desde la plantaci√≥n del cuento debido alas partes del elefante ayudando al le√≥n pero al inicio dec√≠a que era al rev√©s y luego lo de la acomodaci√≥n de los libros era innecesario.","SpanSpan","none","noclasses","nocollege","both8","mostlive","span","native","Chrome","Windows",1080,1920,5.69335,230,"Yes"
"235",0,"many","with","leones","four","every",0.25,3,"one_slider","Espa√±ol",1,"34","Male",1,"Los usuarios de algunos pa√≠ses hispanoparlantes pueden tener problemas entendiendo las opciones a elegir sobre ""Nivel de educaci√≥n"", dadas las diferencias entre sus sistemas educativos.","SpanSpan","most","yes","nocollege","both8","mostlive","span","native","Firefox","Windows",1080,1920,8.56165,235,"Yes"
"238",0,"none","with","mariposas","two","every",0.02,3,"one_slider","espa√±ol",1,"28","Female",3,"es muy facil de hacer","SpanSpan","none","noclasses","nocollege","both8","mostlive","span","native","Firefox","Windows",768,1366,5.12348333333333,238,"Yes"
"239",0,"none","without","dinosaurios","two","every",0.01,3,"one_slider","Espa√±ol",2,"34","Male",3,"","SpanSpan","none","no","nocollege","both8","mostlive","span","native","Chrome","Linux",720,360,3.64266666666667,239,"Yes"
"241",0,"none","without","mariposas","two","every",0.01,3,"one_slider","Espa√±ol",1,"","",-1,"","SpanSpan","none","noclasses","nocollege","both8","mostlive","span","native","Chrome","Mac",900,1440,3.73698333333333,241,""
"242",0,"none","without","dinosaurios","two","every",1,3,"one_slider","Espa√±ol",1,"20","Male",1,"","SpanSpan","","yes","","both8","mostlive","span","native","Chrome","Windows",768,1366,2.57913333333333,242,"Yes"
"248",0,"none","without","mariposas","two","every",1,3,"one_slider","Espa√±ol",2,"24","Male",2,"","SpanSpan","mid","yes","nocollege","both8","mostlive","spaneng","native","Firefox","Windows",1080,1920,3.01701666666667,248,"Yes"
"250",0,"none","with","leones","four","every",0.85,3,"one_slider","espa√±ol",2,"37","Female",4,"","SpanSpan","none","no","nocollege","both8","mostlive","span","native","Safari","Mac",1152,2048,2.70081666666667,250,"Yes"
"253",0,"all","without","ranas","four","every",1,3,"one_slider","Espa√±a",1,"21","Male",3,"","SpanSpan","most","yes","nocollege","both8","mostlive","span","native","Chrome","Windows",1080,1920,1.98221666666667,253,"Yes"
"255",0,"all","with","leones","two","every",1,3,"one_slider","espa√±ol",2,"44","Female",4,"","SpanSpan","most","yes","nocollege","both8","mostlive","span","native","Chrome","Windows",864,1536,3.18228333333333,255,"No"
"256",0,"none","without","leones","two","every",0.97,3,"one_slider","espa√±ol",1,"","",4,"","SpanSpan","none","noclasses","nocollege","both8","mostlive","span","native","Chrome","Windows",768,1360,2.32431666666667,256,""
"257",0,"many","without","dinosaurios","four","every",0,3,"one_slider","Espa√±ol",2,"35","Female",3,"","SpanEng","most","yes","nocollege","both8","mostlive","spaneng","native","Chrome","Windows",864,1536,3.1717,257,"Yes"
"258",0,"all","without","leones","four","every",0.63,3,"one_slider","Espa√±ol",1,"18","Male",1,"","SpanSpan","none","noclasses","nocollege","both8","mostlive","span","native","Chrome","Windows",1080,1920,2.30066666666667,258,"Yes"
"259",0,"all","with","ranas","four","every",0.7,3,"one_slider","Espa√±ol",1,"25","Male",4,"","SpanSpan","none","no","nocollege","both8","mostlive","span","native","Chrome","Windows",768,1366,2.71858333333333,259,"Yes"
"264",0,"all","with","mariposas","four","every",0.34,3,"one_slider","Espa√±ol",2,"20","Male",3,"Disfrut√® el experimento, pasen una bonita semana","SpanSpan","most","yes","nocollege","both8","mostlive","span","native","Chrome","Windows",864,1536,2.99766666666667,264,"Yes"
"266",0,"many","without","leones","two","every",1,3,"one_slider","espa√±ol",2,"27","Female",4,"El cuento parece dirigido a ni√±os, pero la pregunta, al ser una doble negaci√≥n, no es algo que pueda ser respondido tan f√°cilmente por ni√±os peque√±os.","SpanSpan","none","no","nocollege","both8","mostlive","span","native","Chrome","Windows",768,1366,3.2679,266,"Yes"
"268",0,"none","without","ranas","four","every",0.03,3,"one_slider","Espa√±ol",2,"29","Male",3,"Resulto ser interesante,aunque no supe que fue lo esperado.","SpanSpan","none","no","mostsem","both8","mostlive","span","native","Chrome","Windows",768,1360,3.80191666666667,268,"Yes"
"270",0,"many","with","mariposas","four","every",0.01,3,"one_slider","Espa√±a",2,"25","Male",4,"","SpanSpan","none","noclasses","nocollege","both8","mostlive","span","native","Chrome","Windows",1080,1920,3.05921666666667,270,"Yes"
"275",0,"all","without","mariposas","two","every",0.98,3,"one_slider","Espa√±ol",2,"27","Male",4,"Nada.","SpanSpan","most","yes","onesem","both8","mostlive","span","native","Chrome","Windows",1080,1920,2.72501666666667,275,"Yes"
"280",0,"none","without","ranas","four","every",0,3,"one_slider","Espa√±ol",1,"20","Male",3,"","SpanSpan","most","yes","nocollege","both8","mostlive","span","native","Firefox","Windows",864,1536,10.1736166666667,280,"Yes"
"286",0,"none","without","ranas","four","every",0.02,3,"one_slider","Espa√±ol",2,"34","Male",3,"Nothing all good","SpanSpan","most","noclasses","nocollege","both8","mostlive","span","native","Chrome","Linux",817,393,3.21988333333333,286,"Yes"
"289",0,"many","with","mariposas","two","every",1,3,"one_slider","Espa√±ol",2,"29","Male",2,"","SpanSpan","most","yes","nocollege","both8","mostlive","span","native","Chrome","Windows",900,1600,2.67101666666667,289,"Yes"
"293",0,"many","without","dinosaurios","two","every",0.01,3,"one_slider","Espa√±ol",1,"22","Male",2,"Hay un error gramatical en ‚Äúlo ayuda A leer libros‚Äù","SpanSpan","most","yes","nocollege","both8","mostlive","span","native","Safari","iPhone/iPod",667,375,3.2115,293,"Yes"
"298",0,"all","with","mariposas","two","every",0.99,3,"one_slider","Espa√±ol",2,"19","Male",1,"Considero que fue sencillo de entender","SpanSpan","most","yes","nocollege","both8","mostlive","span","native","Chrome","Linux",800,1280,4.59376666666667,298,"Yes"
"299",0,"none","without","dinosaurios","four","every",0,3,"one_slider","Espa√±ol",1,"21","Male",1,"","SpanSpan","none","noclasses","nocollege","both8","mostlive","span","native","Chrome","Windows",768,1366,4.59063333333333,299,"Yes"
"305",0,"none","without","mariposas","four","every",0.11,3,"one_slider","Espa√±ol",2,"37","Male",1,"Sin comentarios.","SpanSpan","none","noclasses","nocollege","both8","mostlive","span","advanced","Chrome","Windows",768,1024,5.52905,305,"Yes"
"308",0,"many","with","mariposas","four","every",0.02,3,"one_slider","Espa√±ol",2,"23","Female",4,"","SpanSpan","none","noclasses","nocollege","both8","mostlive","span","native","Chrome","Linux",752,360,3.17241666666667,308,"Yes"
"311",0,"none","without","ranas","four","every",1,3,"one_slider","espa√±ol",2,"21","Female",4,"","SpanSpan","none","noclasses","nocollege","both8","mostlive","span","native","Chrome","Windows",768,1366,4.72,311,"Yes"
"314",0,"none","without","leones","four","every",0,3,"one_slider","Espa√±ol",1,"18","Female",1,"La compresi√≥n de lectura es una habilidad muy √∫til, que haya sido en espa√±ol facilita mi compresi√≥n, soy nativa del idioma espa√±ol pero tambi√©n hablo ingles y portugu√©s","SpanSpan","most","yes","nocollege","both8","mostlive","span","native","Safari","Mac",900,1440,3.43195,314,"Yes"
"317",0,"none","without","ranas","two","every",1,3,"one_slider","Espanol",1,"34","Female",4,"","SpanSpan","most","yes","mostsem","both8","mostlive","span","native","Chrome","Windows",864,1536,10.3197166666667,317,"Yes"
"318",0,"all","without","dinosaurios","two","every",0,3,"one_slider","espa√±ol",1,"24","Female",3,"","SpanSpan","mid","noclasses","nocollege","both8","mostlive","span","native","Chrome","Windows",900,1440,2.10253333333333,318,"Yes"
"319",0,"all","without","dinosaurios","four","every",0.98,3,"one_slider","Espa√±ol",1,"33","Male",4,"Es raro...no lo he entendido bien. La traduccion deberia de ser algo mejor","SpanSpan","most","yes","nocollege","both8","mostlive","span","native","Chrome","Mac",1080,1920,2.46118333333333,319,"Yes"
"322",0,"none","without","leones","two","every",0.8,3,"one_slider","Espa√±ol",2,"29","Male",3,"Todo bien.","SpanSpan","most","yes","nocollege","both8","mostlive","span","native","Firefox","Linux",681,360,4.05965,322,"Yes"
"323",0,"none","with","leones","four","every",0.18,3,"one_slider","Espa√±ol",1,"46","Female",4,"","SpanSpan","most","no","nocollege","both8","mostlive","spaneng","native","Chrome","Linux",720,360,2.69331666666667,323,"Yes"
"324",0,"many","with","mariposas","two","every",1,3,"one_slider","Espanol",1,"33","Male",3,"","SpanSpan","most","yes","nocollege","both8","mostlive","spaneng","native","Chrome","Windows",864,1536,4.05018333333333,324,"Yes"
"325",0,"none","with","ranas","two","every",1,3,"one_slider","Espa√±ol",1,"27","Female",3,"","SpanSpan","none","noclasses","nocollege","both8","mostlive","span","native","Chrome","Windows",768,1366,3.01546666666667,325,"Yes"
"327",0,"none","without","dinosaurios","four","every",0.28,3,"one_slider","Espa√±ol",2,"19","Female",2,"Me pareci√≥ muy interesante y me hizo reflexionar","SpanSpan","most","yes","nocollege","both8","mostlive","spaneng","native","Chrome","Windows",864,1536,4.78953333333333,327,"Yes"
"328",0,"all","without","mariposas","two","every",0.08,3,"one_slider","Espa√±ol",1,"20","Female",2,"","SpanSpan","none","noclasses","nocollege","both8","mostlive","span","native","Safari","an unknown OS",1024,768,3.44456666666667,328,"Yes"
"329",0,"none","without","leones","two","every",0,3,"one_slider","espa√±ol",2,"23","Male",3,"no tengo nada mas que decir","SpanSpan","none","no","nocollege","both8","mostlive","span","native","Firefox","Windows",1080,1920,2.17646666666667,329,"Yes"
"330",0,"all","without","dinosaurios","four","every",0.98,3,"one_slider","Espa√±ol",1,"42","Male",3,"Algo diferente a lo acostumbrado y es bueno contestar","SpanSpan","none","no","nocollege","both8","mostlive","span","native","Firefox","Windows",1080,1920,3.85738333333333,330,"Yes"
"331",0,"none","without","ranas","four","every",0.2,3,"one_slider","Espa√±ol",2,"30","Male",1,"","SpanSpan","most","yes","nocollege","both8","mostlive","span","native","Chrome","Windows",800,1280,2.85206666666667,331,"Yes"
"332",0,"many","with","mariposas","two","every",0.05,3,"one_slider","Espa√±ol ",2,"21","Female",2,"Sencillo y agradable de tomar ","SpanSpan","most","noclasses","nocollege","both8","mostlive","span","native","Safari","iPhone/iPod",667,375,3.72488333333333,332,"Yes"
"336",0,"none","without","dinosaurios","two","every",0.13,3,"one_slider","Espa√±ol",2,"30","Male",4,"","SpanSpan","most","noclasses","nocollege","both8","mostlive","span","native","Chrome","Windows",768,1366,2.66668333333333,336,"Yes"
"338",0,"many","without","ranas","two","every",0.49,3,"one_slider","Espa√±ol",1,"28","Female",4,"Al principio pens√© que obviamente estaba incorrecta la frase, ya que la frase querr√≠a decir que ambas ranas no saltaron sobre la roca, que ninguna salt√≥ siendo que una s√≠ salt√≥. Luego vi la segunda interpretaci√≥n, que es que es como una salt√≥, es verdad que [todas no saltaron], ya que salt√≥ s√≥lo una.","SpanSpan","most","yes","nocollege","both8","mostlive","span","native","Chrome","Windows",864,1536,12.0959,338,"Yes"
"340",0,"none","without","dinosaurios","four","every",0.14,3,"one_slider","Espa√±ol",2,"28","Male",3,"Interesante encuesta ","SpanSpan","most","yes","onesem","both8","mostlive","spaneng","native","Safari","iPhone/iPod",667,375,2.10813333333333,340,"Yes"
"341",0,"all","with","leones","four","every",0.91,3,"one_slider","espa√±ol",2,"34","Male",1,"","SpanSpan","none","no","nocollege","both8","mostlive","span","native","Chrome","Windows",768,1366,3.20265,341,"Yes"
"346",0,"none","without","dinosaurios","two","every",0.74,3,"one_slider","Espa√±ol ",2,"25","Male",3,"","SpanSpan","none","no","nocollege","both8","mostlive","span","native","Chrome","Linux",748,360,3.47798333333333,346,"Yes"
"348",0,"all","without","ranas","two","every",0.77,3,"one_slider","Espa√±ol",2,"20","Male",2,"","SpanEng","most","yes","nocollege","both8","mostlive","span","native","Chrome","Linux",851,393,3.23606666666667,348,"Yes"
"349",0,"none","with","ranas","four","every",0.47,3,"one_slider","Espa√±ol",2,"23","Female",2,"","SpanSpan","most","yes","mostsem","both8","mostlive","span","native","Safari","iPhone/iPod",667,375,2.6007,349,"Yes"
"355",0,"many","with","leones","two","every",0.19,3,"one_slider","Espa√±ol",1,"39","Female",3,"Me gust√≥ que esa una pregunta que debes poner mucha atenci√≥n para contestar","SpanSpan","most","yes","nocollege","both8","mostlive","span","native","Chrome","Linux",640,360,3.99721666666667,355,"Yes"
"356",0,"many","with","leones","four","every",0.03,3,"one_slider","Espa√±ol ",1,"19","Male",1,"","SpanEng","most","no","nocollege","both8","mostlive","span","native","Safari","iPhone/iPod",896,414,3.19091666666667,356,"Yes"
"357",0,"none","without","leones","two","every",0.28,3,"one_slider","Espanol",1,"24","Male",3,"","SpanEng","most","yes","midsem","both8","mostlive","span","native","Chrome","Linux",1050,1680,2.9599,357,"Yes"
"359",0,"all","with","mariposas","four","every",0,3,"one_slider","Espa√±ol",1,"38","Male",3,"","SpanSpan","most","yes","nocollege","both8","mostlive","spaneng","native","Firefox","Windows",1080,1920,2.0993,359,"Yes"
"363",0,"many","without","ranas","two","every",1,3,"one_slider","Espa√±ol",1,"41","Male",3,"","SpanSpan","most","noclasses","nocollege","both8","mostlive","span","native","Chrome","Windows",768,1366,2.8399,363,"Yes"
"366",0,"many","without","ranas","four","every",0.91,3,"one_slider","Espa√±ol",1,"32","Male",4,"","SpanEng","most","yes","nocollege","both8","mostlive","span","native","Chrome","Linux",640,360,5.34828333333333,366,"Yes"
"367",0,"none","without","mariposas","four","every",0,3,"one_slider","espa√±ol",1,"31","Male",4,":)","SpanSpan","most","yes","nocollege","both8","mostlive","span","native","Chrome","Mac",900,1440,3.28201666666667,367,"Yes"
"375",0,"all","without","dinosaurios","four","every",0.75,3,"one_slider","Espa√±ol",1,"21","Male",2,"Me parece que fue muy corto.","SpanSpan","most","yes","nocollege","both8","mostlive","span","native","Chrome","Windows",864,1536,2.53205,375,"Yes"
"379",0,"many","with","dinosaurios","four","every",0.07,3,"one_slider","Espa√±ol ",1,"37","Female",4,"","SpanSpan","most","no","onesem","both8","mostlive","span","native","Safari","iPhone/iPod",896,414,2.90938333333333,379,"Yes"
"380",0,"none","with","dinosaurios","four","every",0.2,3,"one_slider","espa√±ol",1,"21","Female",2,"","SpanSpan","none","no","nocollege","both8","mostlive","span","native","Safari","Mac",900,1440,37.3965,380,"Yes"
"381",0,"many","with","leones","four","every",0.21,3,"one_slider","Espa√±ol",1,"22","Female",0,"","SpanSpan","most","yes","midsem","both8","mostlive","span","advanced","Chrome","Linux",780,360,2.45661666666667,381,"Yes"
"383",0,"many","without","mariposas","two","every",0,3,"one_slider","Espa√±ol",2,"21","Female",3,"","SpanSpan","","noclasses","nocollege","both8","mostlive","span","native","Chrome","Windows",768,1366,4.29716666666667,383,"Yes"
"384",0,"many","with","mariposas","four","every",0,3,"one_slider","Espa√±ol",2,"25","Male",4,"Corto y certero. Me parecio adecuado","SpanSpan","most","yes","nocollege","both8","mostlive","span","native","Chrome","Windows",768,1360,2.06321666666667,384,"Yes"
"386",0,"all","with","leones","four","every",0.13,3,"one_slider","Espa√±ol",1,"23","Female",3,"Estudio interesante, ojal√° lo puedan aplicar a ni√±os, √©xito!","SpanSpan","none","noclasses","midsem","both8","mostlive","span","native","Chrome","Windows",768,1366,2.92251666666667,386,"Yes"
"388",0,"none","without","leones","four","every",0.95,3,"one_slider","Espa√±ol",2,"34","Female",4,"","SpanSpan","most","yes","nocollege","both8","mostlive","span","native","Chrome","Linux",771,360,3.13418333333333,388,"Yes"
"395",0,"many","with","ranas","four","every",1,3,"one_slider","espa√±ol",1,"37","Female",3,"Lo encontr√© un poco extra√±o pero novedoso.","SpanSpan","most","yes","nocollege","both8","mostlive","span","native","Chrome","Windows",900,1600,5.36325,395,"Yes"
"396",0,"all","without","mariposas","four","every",1,3,"one_slider","Espa√±ol",1,"45","Male",4,"","SpanSpan","most","noclasses","nocollege","both8","mostlive","span","native","Firefox","Windows",1080,1920,2.8978,396,"Yes"
"399",0,"none","with","mariposas","two","every",0,3,"one_slider","Espa√±ol",2,"25","Male",1,"","SpanSpan","none","noclasses","nocollege","both8","mostlive","span","native","Firefox","Windows",1080,1920,3.99316666666667,399,"Yes"
"402",0,"none","without","dinosaurios","two","every",0,3,"one_slider","Espa√±ol",2,"20","Female",3,"Me gustar√≠a saber el objetivo del experimento","SpanSpan","none","no","nocollege","both8","mostlive","span","native","Chrome","Windows",768,1366,3.95455,402,"Yes"
"403",0,"many","with","ranas","two","every",0.02,3,"one_slider","ESPA√ëOL",1,"45","Female",4,"FUE ENTRETENIDO.","SpanSpan","most","yes","nocollege","both8","mostlive","span","native","Safari","Mac",800,1280,10.2979,403,"Yes"
"404",0,"none","without","ranas","two","every",0.95,3,"one_slider","Espa√±ol",2,"21","Male",2,"","SpanSpan","most","yes","nocollege","both8","mostlive","span","native","Chrome","Linux",780,360,3.82233333333333,404,"Yes"
"405",0,"none","with","leones","four","every",0.48,3,"one_slider","Espa√±ol ",1,"20","Female",2,"","SpanSpan","none","noclasses","nocollege","both8","mostlive","span","native","Safari","iPhone/iPod",667,375,3.46636666666667,405,"Yes"
"409",0,"none","without","mariposas","two","every",0.01,3,"one_slider","Espa√±ol",1,"25","Male",4,"Buen estudio","SpanSpan","none","no","nocollege","both8","mostlive","span","native","Safari","iPhone/iPod",667,375,3.19848333333333,409,"Yes"
"411",0,"none","without","leones","two","every",0.86,3,"one_slider","Espa√±ol",2,"21","Female",2,"Es una encuesta enga√±osa para que podamos responder con sabiduria ","SpanSpan","most","yes","nocollege","both8","mostlive","span","native","Chrome","Windows",768,1366,4.05088333333333,411,"Yes"
"414",0,"many","without","mariposas","four","every",0.87,3,"one_slider","espa√±ol",1,"29","Female",4,"un poco enredado la forma de narrar, podr√≠a ser m√°s simple ","SpanSpan","none","noclasses","nocollege","both8","mostlive","span","native","Chrome","Windows",768,1366,6.63641666666667,414,"Yes"
"415",0,"all","without","leones","two","every",0.94,3,"one_slider","Espa√±ol",1,"18","Female",0,"","SpanSpan","most","yes","nocollege","both8","mostlive","span","advanced","Chrome","Linux",640,360,2.5408,415,"Yes"
"421",0,"all","without","dinosaurios","four","every",0.92,3,"one_slider","Espa√±ol",1,"26","Female",3,"","SpanSpan","most","yes","nocollege","both8","mostlive","span","native","Chrome","Linux",851,393,3.4132,421,"Yes"
"423",0,"none","without","ranas","four","every",0.79,3,"one_slider","Espa√±ol",1,"26","Male",4,"El reciente experimento, a pesar de la sencillez de la pregunta, me ha parecido una prueba algo confusa, pues cre√≠a que iba a ser m√°s compleja dado a que quiz√°s se requerir√≠a un an√°lisis mayor en la selecci√≥n de los ""cuentos""; sin embargo, la experiencia me entretuvo y me dej√≥ pensando","SpanSpan","none","yes","onesem","both8","mostlive","span","native","Chrome","Windows",768,1366,9.80853333333333,423,"Yes"
"427",0,"many","without","dinosaurios","four","every",0,3,"one_slider","espa√±ol",2,"35","Male",3,"","SpanSpan","most","yes","nocollege","both8","mostlive","span","advanced","Chrome","Windows",864,1536,3.57591666666667,427,"Yes"
"428",0,"all","with","dinosaurios","four","every",0.03,3,"one_slider","Espa√±ol",2,"20","Female",1,"Buena encuesta","SpanSpan","none","no","nocollege","both8","mostlive","span","native","Chrome","Linux",851,393,2.56466666666667,428,"Yes"
"429",0,"all","without","leones","four","every",1,3,"one_slider","Espa√±ol",2,"20","Male",3,"","SpanSpan","none","no","nocollege","both8","mostlive","spaneng","native","Chrome","Windows",900,1600,2.6058,429,"Yes"
"434",0,"all","without","ranas","four","every",0.97,3,"one_slider","Espa√±ol",2,"24","Male",3,"","SpanSpan","most","no","nocollege","both8","mostlive","span","native","Chrome","Linux",760,360,3.58263333333333,434,""
"435",0,"many","with","leones","two","every",0.08,3,"one_slider","espa√±ol",1,"24","Male",1,"La pregunta es poco com√∫n en el idioma. ","SpanSpan","most","yes","nocollege","both8","mostlive","span","native","Chrome","Windows",1080,1920,4.54865,435,"Yes"
"440",0,"all","with","ranas","four","every",0.01,3,"one_slider","Espa√±ol",2,"20","Female",2,"Experimento muy bien hecho. ","SpanSpan","most","yes","nocollege","both8","mostlive","span","native","Chrome","Mac",768,1366,2.56485,440,"Yes"
"441",0,"all","with","mariposas","four","every",1,3,"one_slider","espa√±ol",1,"60","Male",3,"creo que al negar que todas las mariposas fueron a  
la ciudad implica que 2 pudieran ir y 2 no fueran","SpanSpan","most","yes","nocollege","both8","mostlive","span","native","Chrome","Windows",800,1280,6.9852,441,"Yes"
"442",0,"all","with","leones","two","every",0.98,3,"one_slider","espa√±ol",1,"49","Male",3,"ha sido agradable, gracias, Dios les bendiga.","SpanSpan","most","noclasses","nocollege","both8","mostlive","span","native","Chrome","Windows",720,1280,3.09436666666667,442,"Yes"
"443",0,"none","with","leones","two","every",0,3,"one_slider","espa√±ol",1,"16","Female",2,"","SpanSpan","none","no","nocollege","both8","mostlive","spaneng","native","Chrome","Windows",768,1366,4.71648333333333,443,"Yes"
"444",0,"many","with","leones","four","every",1,3,"one_slider","Espa√±ol",2,"21","Male",1,"Algo interesante y un poco confuso pero todo bien.","SpanSpan","most","yes","onesem","both8","mostlive","span","native","Firefox","Windows",768,1366,4.45343333333333,444,"Yes"
"445",0,"many","with","mariposas","four","every",0,3,"one_slider","Espa√±ol",2,"30","Male",3,"Simple y sencillo.","SpanSpan","most","no","nocollege","both8","mostlive","span","native","Chrome","Windows",720,1280,4.75391666666667,445,"Yes"
"446",0,"many","with","ranas","four","every",0.97,3,"one_slider","Espa√±ol",1,"26","Female",4,"","SpanSpan","most","yes","onesem","both8","mostlive","span","native","Chrome","Linux",720,360,3.7259,446,"Yes"
"451",0,"none","without","ranas","two","every",0.07,3,"one_slider","Espa√±ol",1,"21","Female",2,"","SpanSpan","most","yes","nocollege","both8","mostlive","span","native","Safari","iPhone/iPod",896,414,3.26005,451,"Confused"
"454",0,"all","with","ranas","four","every",0.87,3,"one_slider","espa√±ol",2,"53","Female",4,"","SpanSpan","none","noclasses","nocollege","both8","mostlive","span","native","Chrome","Windows",768,1366,4.9539,454,"Yes"
"458",0,"none","with","mariposas","four","every",0.9,3,"one_slider","espa√±ol",2,"55","Male",4,"sin conebtarios","SpanSpan","none","noclasses","nocollege","both8","mostlive","span","native","Chrome","Windows",768,1024,3.88386666666667,458,"Yes"
"459",0,"many","with","ranas","four","every",0.85,3,"one_slider","castellano",1,"27","Female",4,"Nada que a√±adir","SpanSpan","none","noclasses","nocollege","both8","mostlive","span","native","Chrome","Windows",768,1366,2.60871666666667,459,"Yes"
"460",0,"none","without","leones","four","every",0.97,3,"one_slider","Espa√±ol",1,"20","Female",2,"","SpanSpan","none","no","nocollege","both8","mostlive","spaneng","native","Safari","iPhone/iPod",736,414,2.87123333333333,460,"Yes"
"461",0,"all","with","mariposas","two","every",0.98,3,"one_slider","Espa√±ol",2,"","",4,"","SpanSpan","most","yes","mostsem","both8","mostlive","span","native","Chrome","Linux",640,360,3.45913333333333,461,""
"462",0,"many","with","dinosaurios","four","every",0,3,"one_slider","Espa√±ol",2,"34","Male",3,"","SpanSpan","most","no","nocollege","both8","mostlive","span","native","Chrome","Windows",900,1440,2.68711666666667,462,"Yes"
"465",0,"all","with","leones","four","every",0.01,3,"one_slider","Espa√±ol",2,"60","Female",4,"","SpanEng","most","yes","mostsem","both8","mostlive","eng","native","Safari","iPhone/iPod",568,320,4.3866,465,"Yes"
"466",0,"many","with","dinosaurios","two","every",0,3,"one_slider","espa√±ol",2,"19","Male",2,"","SpanSpan","none","noclasses","nocollege","both8","mostlive","span","native","Firefox","Windows",900,1600,4.55231666666667,466,"Yes"
"468",0,"none","with","ranas","two","every",1,3,"one_slider","espa√±ol",1,"46","Male",4,"","SpanSpan","most","noclasses","nocollege","both8","mostlive","span","native","Chrome","Mac",900,1440,2.59365,468,"Yes"
"473",0,"all","with","ranas","two","every",1,3,"one_slider","espa√±ol e ingles",2,"36","Female",4,"","","most","","mostsem","both8","mostlive","spaneng","native","Firefox","Windows",768,1366,4.02425,473,"Yes"
"474",0,"none","without","mariposas","two","every",0.49,3,"one_slider","ESPA√ëOL",1,"42","Female",2,"La respuesta del elefante tiene dos interpretaciones, dependiendo de eso contesta correctamente o no","SpanSpan","most","yes","nocollege","both8","mostlive","span","native","Chrome","Windows",864,1536,4.98586666666667,474,"Yes"
"476",0,"none","without","mariposas","two","every",0.48,3,"one_slider","Espa√±ol",1,"32","Male",4,"","SpanSpan","none","no","nocollege","both8","mostlive","span","native","Chrome","Linux",808,393,3.9462,476,"Yes"
"477",0,"none","with","mariposas","four","every",0.01,3,"one_slider","Espa√±ol",2,"24","Male",4,"","SpanSpan","most","yes","nocollege","both8","mostlive","span","native","Safari","iPhone/iPod",896,414,2.68931666666667,477,"Yes"
"479",0,"none","with","leones","two","every",0.92,3,"one_slider","Espa√±ol",1,"29","Male",3,"Todo estuvo muy bien.","SpanSpan","small","no","nocollege","both8","mostlive","span","native","Chrome","Windows",615,1093,2.72738333333333,479,"Yes"
"481",0,"all","with","mariposas","two","every",1,3,"one_slider","espa√±ol",1,"42","Male",4,"sin comentarios","SpanSpan","most","noclasses","nocollege","both8","mostlive","span","native","Mozilla","Windows",800,1280,3.1209,481,"Yes"
"482",0,"none","without","dinosaurios","four","every",0.93,3,"one_slider","Espa√±ol",2,"45","Female",3,"","SpanSpan","most","yes","nocollege","both8","mostlive","span","native","Chrome","Windows",820,1024,5.47173333333333,482,"Yes"
"485",0,"none","with","mariposas","four","every",0.2,3,"one_slider","Espa√±ol",1,"27","Male",4,"","SpanSpan","none","no","nocollege","both8","mostlive","span","native","Chrome","Linux",640,360,2.27301666666667,485,"Yes"
"492",0,"none","with","leones","four","every",0.06,3,"one_slider","Espa√±ol",2,"40","Male",4,"","SpanSpan","most","yes","nocollege","both8","mostlive","span","native","Chrome","Linux",720,360,3.66766666666667,492,"Yes"
"493",0,"all","without","dinosaurios","two","every",0.88,3,"one_slider","Espa√±ol",2,"29","Female",3,"","SpanSpan","most","noclasses","nocollege","both8","mostlive","spaneng","native","Chrome","Linux",800,1280,2.78681666666667,493,"Yes"
"495",0,"none","with","mariposas","two","every",0.12,3,"one_slider","Espa√±ol",1,"20","Female",4,"","SpanSpan","none","noclasses","nocollege","both8","mostlive","span","native","Chrome","Windows",864,1536,3.1282,495,"Yes"
"497",0,"many","without","leones","two","every",1,3,"one_slider","espa√±ol",2,"32","Female",4,"ha sido muy interesante y breve ","SpanSpan","most","yes","nocollege","both8","mostlive","span","native","Chrome","Mac",1080,1920,4.70248333333333,497,"Yes"
"499",0,"many","with","leones","two","every",0.94,3,"one_slider","Espa√±a",1,"45","Male",4,"","SpanSpan","most","noclasses","nocollege","both8","mostlive","span","native","Chrome","Windows",768,1366,3.4652,499,"Yes"
"500",0,"none","with","leones","two","every",0.03,3,"one_slider","espa√±ol",0,"32","Female",3,"Dificil de entender, gramaticalmente incorrecto, se puede mejorar la forma de expresarlo.","SpanSpan","most","yes","mostsem","both8","mostlive","span","native","Chrome","Windows",768,1366,4.919,500,"Yes"
"502",0,"none","with","leones","two","every",0.01,3,"one_slider","espa√±ol",1,"30","Female",4,"","SpanSpan","none","no","nocollege","both8","mostlive","span","native","Chrome","Windows",768,1366,3.71076666666667,502,"Confused"
"505",0,"all","with","ranas","four","every",0.23,3,"one_slider","espa√±ol",2,"29","Male",3,"Me gust√≥ mucho participar en √©l.","SpanSpan","most","yes","midsem","both8","mostlive","span","native","Chrome","Mac",1080,1920,3.2736,505,"Yes"
"507",0,"all","with","leones","two","every",0.67,3,"one_slider","espa√±ol",2,"22","Male",4,"","SpanSpan","most","no","","both8","mostlive","span","native","Firefox","Windows",1080,1920,1.94945,507,"Yes"
"508",0,"many","without","leones","two","every",0.01,3,"one_slider","Espa√±ol",1,"26","Female",4,"","SpanSpan","none","noclasses","nocollege","both8","mostlive","span","native","Chrome","Linux",780,360,3.96823333333333,508,"Yes"
"509",0,"all","without","dinosaurios","two","every",0,3,"one_slider","Castellano",1,"39","Male",0,"","SpanSpan","most","no","nocollege","both8","mostlive","span","native","Chrome","Windows",1024,1280,3.49893333333333,509,"Yes"
"518",0,"none","with","leones","two","every",0.84,3,"one_slider","esap√±ol",2,"46","Male",3,"esta bien","SpanSpan","most","yes","nocollege","both8","mostlive","span","native","Chrome","Linux",1024,1280,2.58526666666667,518,"Yes"
"520",0,"many","without","leones","four","every",1,3,"one_slider","Espa√±ol",2,"31","Male",4,"","SpanSpan","most","yes","nocollege","both8","mostlive","span","native","Firefox","Windows",1080,1920,4.38915,520,"Yes"
"526",0,"many","with","mariposas","two","every",0.15,3,"one_slider","Espannol",2,"30","Male",3,"","SpanSpan","none","no","nocollege","both8","mostlive","span","native","Chrome","Windows",1000,1500,2.35556666666667,526,"Yes"
"535",0,"many","with","ranas","four","every",0.99,3,"one_slider","Castellano",2,"32","Female",1,"","SpanSpan","none","no","nocollege","both8","mostlive","span","native","Chrome","Windows",900,1600,2.3133,535,"Yes"
"539",0,"none","without","ranas","four","every",0,3,"one_slider","Espa√±a",1,"39","Female",4,"","SpanSpan","most","yes","nocollege","both8","mostlive","span","native","Chrome","Windows",768,1366,2.44151666666667,539,"Yes"
"541",0,"none","without","ranas","two","every",0.81,3,"one_slider","Espa√±ol",2,"39","Male",3,"Ha estado bien.","SpanSpan","most","yes","nocollege","both8","mostlive","span","native","Chrome","Windows",768,1366,3.3237,541,"Yes"
"547",0,"all","with","ranas","two","every",0.97,3,"one_slider","Espa√±ol",1,"25","",1,"","SpanSpan","most","yes","nocollege","both8","mostlive","span","native","Chrome","Windows",1024,1821,4.8103,547,""
"549",0,"many","without","leones","four","every",1,3,"one_slider","espa√±ol",2,"46","Male",4,"","SpanEng","most","no","nocollege","both8","mostlive","spaneng","native","Firefox","Windows",864,1536,2.32908333333333,549,"Yes"
"551",0,"all","with","leones","four","every",0.97,3,"one_slider","espa√±ol",1,"22","Male",4,"","SpanSpan","most","yes","nocollege","both8","mostlive","span","native","Chrome","Windows",768,1366,3.07923333333333,551,"Yes"
"552",0,"all","without","ranas","two","every",0.92,3,"one_slider","Espa√±ol",1,"40","Female",4,"Ninguno","SpanEng","none","no","nocollege","both8","mostlive","span","native","Chrome","Linux",640,360,3.41256666666667,552,"Yes"
"556",0,"none","without","leones","four","every",0.93,3,"one_slider","espa√±ol",1,"24","Male",4,"","SpanSpan","most","yes","nocollege","both8","mostlive","span","native","Safari","Mac",800,1280,3.36588333333333,556,"Yes"
"559",0,"none","with","leones","two","every",0.07,3,"one_slider","Espa√±ol",1,"19","Male",3,"","SpanSpan","most","yes","nocollege","both8","mostlive","span","native","Safari","iPhone/iPod",667,375,2.87313333333333,559,"No"
"560",0,"none","with","ranas","two","every",0,3,"one_slider","Espa√±ol",1,"39","Male",3,"Hay varios errores gramaticales en las instrucciones e incluso en las preguntas.","SpanSpan","most","yes","nocollege","both8","mostlive","spaneng","native","Chrome","Linux",995,485,6.11846666666667,560,"Yes"
"562",0,"many","with","dinosaurios","four","every",0.32,3,"one_slider","Espa√±ol",2,"22","Male",3,"","SpanSpan","most","noclasses","nocollege","both8","mostlive","span","native","Chrome","Linux",640,360,3.2292,562,"Yes"
"574",0,"none","with","dinosaurios","two","every",0.16,3,"one_slider","Espanol",-1,"30","Female",1,"","SpanSpan","","","","both8","mostlive","span","native","Chrome","Windows",864,1536,3.7292,574,"Yes"
"580",0,"none","without","ranas","four","every",0.02,3,"one_slider","espa√±ol",2,"21","Female",3,"","SpanSpan","none","no","nocollege","both8","mostlive","span","native","Chrome","Mac",900,1440,2.49181666666667,580,"Yes"
"582",0,"many","without","dinosaurios","two","every",0.05,3,"one_slider","Espa√±ol",2,"37","Female",3,"Me qued√≥ duda en la forma en que contest√≥ Elefante porque no contest√≥ como uno esperar√≠a una pregunta as√≠. Interpret√© su respuesta como: Ning√∫n dinosaurio comi√≥ insectos","SpanSpan","","noclasses","nocollege","both8","mostlive","span","native","Chrome","Linux",640,360,4.55543333333333,582,"Yes"
"584",0,"none","without","mariposas","two","every",0.9,3,"one_slider","Espa√±ol",2,"47","Female",4,"Interesante","SpanSpan","most","yes","midsem","both8","mostlive","span","native","Chrome","Linux",640,360,4.89503333333333,584,"Yes"
"585",0,"many","with","mariposas","two","every",0,3,"one_slider","Espa√±ol",2,"19","Male",4,"Buena encuesta","SpanSpan","none","no","nocollege","both8","mostlive","span","native","Chrome","Windows",1080,1920,1.8165,585,"Yes"
"586",0,"all","with","dinosaurios","four","every",0.98,3,"one_slider","Espa√±ol",1,"52","Male",4,"La gram√°tica y sint√°xis de la respuesta que se propone no es correcta. En espa√±ol no existen respuestas medio correctas o medio incorrectas, solo se admiten respuestas correctas o incorrectas. La construcci√≥n ""Todos los dinosaurios no comieron insectos"" ser√≠a incorrecta aunque inteligible. En su lugar habr√≠a que haber puesto ""No todos los dinosaurios comieron insectos""","SpanSpan","none","noclasses","nocollege","both8","mostlive","span","native","Chrome","Windows",864,1536,5.05271666666667,586,"Yes"
"593",0,"all","without","leones","two","every",0.18,3,"one_slider","espa√±ol",1,"28","Male",1,"","SpanSpan","most","yes","nocollege","both8","mostlive","span","native","Chrome","Windows",720,1280,3.10068333333333,593,"Yes"
"594",0,"many","with","ranas","four","every",0.5,3,"one_slider","Espa√±ol",0,"20","Male",4,"","SpanSpan","most","yes","nocollege","both8","mostlive","span","native","Chrome","Windows",900,1600,2.76071666666667,594,"Yes"
"595",0,"many","with","dinosaurios","four","every",1,3,"one_slider","Espa√±ol",2,"29","Male",3,"","SpanSpan","none","no","nocollege","both8","mostlive","span","native","Chrome","Windows",768,1366,2.12971666666667,595,"Yes"
"597",0,"many","with","mariposas","four","every",0.07,3,"one_slider","Espa√±ol",1,"24","Male",2,"","SpanEng","most","yes","nocollege","both8","mostlive","spaneng","native","Chrome","Windows",1080,1920,2.26915,597,"Yes"
"598",0,"none","with","ranas","two","every",0.08,3,"one_slider","Espa√±ol",1,"27","Female",3,"","SpanSpan","most","no","nocollege","both8","mostlive","span","native","Chrome","Windows",768,1366,3.35648333333333,598,"Yes"
"600",0,"none","without","leones","four","every",0,3,"one_slider","espa√±ol",2,"26","Male",3,"Es bastante interesante c√≥mo se plantea el problema.","SpanSpan","most","yes","mostsem","both8","mostlive","span","native","Chrome","Windows",768,1366,3.35115,600,"Yes"
"604",0,"all","with","ranas","four","every",1,3,"one_slider","espa√±ol",2,"33","Male",4,"","SpanSpan","most","yes","nocollege","both8","mostlive","span","native","Chrome","Windows",768,1366,3.55418333333333,604,"Yes"
"606",0,"all","without","mariposas","four","every",0.49,3,"one_slider","espa√±ol",2,"24","Male",3,"","SpanSpan","most","yes","midsem","both8","mostlive","span","native","Chrome","Windows",768,1366,0.369416666666667,606,"Yes"
"607",0,"all","without","dinosaurios","four","every",0.51,3,"one_slider","Espa√±ol",1,"27","Male",3,"","SpanSpan","mid","no","nocollege","both8","mostlive","span","native","Chrome","Windows",768,1366,2.51028333333333,607,"Yes"
"610",0,"none","without","dinosaurios","two","every",0.87,3,"one_slider","Espa√±a",1,"34","Female",3,"","SpanSpan","none","noclasses","nocollege","both8","mostlive","span","native","Chrome","Windows",768,1366,4.29586666666667,610,"Yes"
"611",0,"many","with","ranas","two","every",0.42,3,"one_slider","Espanol",2,"60","Female",3,"Buenas preguntas en espa√±ol .88","SpanEng","none","no","nocollege","both8","mostlive","spaneng","native","Safari","iPhone/iPod",667,375,5.80281666666667,611,"Yes"
"612",0,"many","without","dinosaurios","two","every",0.16,3,"one_slider","Espa√±ol",1,"28","Male",3,"","SpanSpan","most","no","nocollege","both8","mostlive","span","native","Chrome","Linux",851,393,3.76253333333333,612,"Yes"
"613",0,"all","with","mariposas","two","every",0.02,3,"one_slider","espa√±ol",1,"21","Male",1,"","SpanSpan","most","yes","nocollege","both8","mostlive","span","native","Chrome","Windows",960,1707,3.08863333333333,613,"Yes"
"614",0,"all","with","ranas","four","every",0.95,3,"one_slider","castellano",2,"48","Male",4,"","SpanSpan","none","no","nocollege","both8","mostlive","span","native","Chrome","Windows",1024,1280,3.17211666666667,614,"Yes"
"615",0,"all","with","leones","two","every",0.98,3,"one_slider","Espa√±ol",2,"31","Male",3,"","SpanSpan","most","yes","nocollege","both8","mostlive","span","native","Chrome","Windows",864,1536,2.42155,615,"Yes"
"617",0,"many","with","dinosaurios","two","every",0,3,"one_slider","Espa√±ol",2,"46","Female",3,"Fue sencillo de hacer.","SpanSpan","most","yes","nocollege","both8","mostlive","span","native","Chrome","Windows",768,1366,2.34801666666667,617,"Yes"
"618",0,"many","without","mariposas","four","every",1,3,"one_slider","espa√±ol",2,"24","Male",3,"","SpanSpan","most","yes","nocollege","both8","mostlive","span","native","Chrome","Windows",1080,1920,3.63415,618,"Yes"
"619",0,"many","with","ranas","two","every",0.85,3,"one_slider","Espa√±ol",1,"20","Male",2,"","SpanSpan","most","no","nocollege","both8","mostlive","span","native","Safari","iPhone/iPod",667,375,3.78151666666667,619,"Yes"
"620",0,"none","without","mariposas","four","every",0.28,3,"one_slider","Espa√±ol",2,"21","Female",4,"Facil de entender y contestar a las preguntas","SpanSpan","none","noclasses","nocollege","both8","mostlive","span","native","Safari","iPhone/iPod",667,375,3.75681666666667,620,"Yes"
"621",0,"all","with","leones","four","every",0.31,3,"one_slider","Espa√±ol",2,"21","Female",4,"Facil de entender y responder a las preguntas","SpanSpan","none","noclasses","nocollege","both8","mostlive","span","native","Safari","iPhone/iPod",667,375,1.6737,621,"Yes"
"625",0,"none","with","dinosaurios","two","every",0.03,3,"one_slider","Espa√±ol",1,"","",-1,"Muy interesante.
Un poco truculento para los que no hablan bien espa√±ol.","SpanSpan","none","no","nocollege","both8","mostlive","spaneng","native","Firefox","Windows",900,1600,3.09091666666667,625,""
"627",0,"all","with","dinosaurios","two","every",0.75,3,"one_slider","espa√±ol",1,"32","Female",4,"","SpanSpan","most","yes","midsem","both8","mostlive","span","native","Chrome","Windows",1080,1920,2.17768333333333,627,"Yes"
"630",0,"none","without","dinosaurios","four","every",0,3,"one_slider","espa√±ol",2,"46","Male",1,"","SpanSpan","most","yes","midsem","both8","mostlive","span","native","Chrome","Windows",1080,1920,4.27325,630,"Yes"
"631",0,"all","with","ranas","four","every",1,3,"one_slider","Espa√±ol",1,"35","Male",4,"Me alegro de que la encuesta haya sido corta. Un besito en el siempre sucio.","SpanSpan","none","no","nocollege","both8","mostlive","span","native","Chrome","Windows",1080,1920,3.07673333333333,631,"Yes"
"632",0,"none","with","mariposas","four","every",0.27,3,"one_slider","espa√±ol",2,"26","Male",2,"","SpanSpan","none","noclasses","nocollege","both8","mostlive","span","native","Chrome","Windows",1080,1920,3.74251666666667,632,"Yes"
"634",0,"all","with","leones","two","every",0.99,3,"one_slider","espa√±ol",1,"31","Female",4,"","SpanEng","most","yes","nocollege","both8","mostlive","span","native","Chrome","Windows",768,1366,5.03523333333333,634,"Yes"
"636",0,"none","without","ranas","two","every",0.98,3,"one_slider","Espa√±ol",1,"21","Female",1,"","SpanSpan","most","yes","onesem","both8","mostlive","span","native","Safari","Mac",900,1440,1.9464,636,"Yes"
"637",0,"all","without","ranas","two","every",0.89,3,"one_slider","Espa√±ol",1,"27","Female",4,"","SpanSpan","none","no","nocollege","both8","mostlive","span","native","Safari","iPhone/iPod",896,414,4.74431666666667,637,"Yes"
"638",0,"all","without","mariposas","two","every",0.92,3,"one_slider","espa√±ol",2,"50","Female",4,"Ha sido un experimento curioso e interesante, muy diferente","SpanSpan","most","","nocollege","both8","mostlive","span","native","Chrome","Windows",1050,1680,3.5266,638,"Yes"
"640",0,"none","with","ranas","four","every",0.02,3,"one_slider","Espa√±ol",2,"32","Male",4,"Me gusto, pues as√≠ la persona debe de leer bien para responder correctamente.","SpanSpan","small","no","nocollege","both8","mostlive","span","native","Chrome","Windows",768,1366,7.1333,640,"Yes"
"642",0,"all","without","leones","four","every",1,3,"one_slider","Espa√±ol",2,"33","Male",4,"Las instrucciones me han resultado levemente confusas, a√∫n as√≠ me ha parecido realmente carism√°tica la idea de este estudio, aunque no entiendo claramente su intenci√≥n. Aparte, ha sido muy justo con el pago. Gracias","SpanSpan","most","yes","","both8","mostlive","span","native","Chrome","Windows",1440,2560,3.03463333333333,642,"Yes"
"643",0,"all","without","leones","four","every",1,3,"one_slider","espa√±ol",1,"30","Male",3,"","SpanSpan","most","yes","nocollege","both8","mostlive","span","native","Chrome","Windows",1080,1920,2.06426666666667,643,"Yes"
"644",0,"many","with","leones","four","every",0.01,3,"one_slider","Espa√±ol",1,"27","Male",3,"","SpanSpan","most","yes","nocollege","both8","mostlive","span","native","Firefox","Windows",1020,1813,2.37151666666667,644,"Yes"
"647",0,"many","with","leones","four","every",0.85,3,"one_slider","espa√±ol",1,"34","Male",4,"creo que al formato del estudio se le escapan detalles, mejor cambiarlo","SpanSpan","none","noclasses","nocollege","both8","mostlive","span","native","Chrome","Windows",768,1366,3.83348333333333,647,"Yes"
"649",0,"many","with","dinosaurios","four","every",0.99,3,"one_slider","Espa√±a",2,"45","Female",1,"me gusta","SpanSpan","none","no","nocollege","both8","mostlive","span","native","Chrome","Windows",720,1280,2.53055,649,"Yes"
"650",0,"none","without","leones","four","every",0.03,3,"one_slider","espa√±ol",2,"61","Male",4,"No tengo comentarios.","SpanSpan","most","noclasses","nocollege","both8","mostlive","span","native","Chrome","Windows",768,1366,4.66705,650,"Yes"
"651",0,"many","with","leones","four","every",0.99,3,"one_slider","espa√±ol",2,"41","Male",4,"","SpanSpan","most","yes","mostsem","both8","mostlive","span","native","Chrome","Windows",1080,1920,2.45941666666667,651,"Yes"
"654",0,"all","without","ranas","four","every",0.24,3,"one_slider","espa√±ol",2,"51","Male",3,"","SpanSpan","most","noclasses","nocollege","both8","mostlive","span","native","Chrome","Windows",663,1366,3.59786666666667,654,"Yes"
"655",0,"none","without","dinosaurios","two","every",0.03,3,"one_slider","Espa√±ol",0,"22","Female",3,"No s√© cual es el objetivo de la encuesta, pero tanto la pregunta del tibur√≥n como la respuesta del elefante no aplican a como un nativo habla. El orden de las palabras es extra√±o.","SpanSpan","","noclasses","nocollege","both8","mostlive","span","native","Chrome","Linux",1280,800,5.92283333333333,655,"Yes"
"656",0,"all","with","ranas","two","every",0.06,3,"one_slider","Espa√±ol",1,"21","Female",2,"","SpanSpan","most","yes","nocollege","both8","mostlive","span","native","Firefox","Mac",900,1440,3.49533333333333,656,"Yes"
"666",0,"all","with","ranas","four","every",0.99,3,"one_slider","espa√±ol",1,"33","Female",2,"","SpanEng","small","no","midsem","both8","mostlive","eng","advanced","Chrome","Windows",1200,1920,3.63721666666667,666,"Yes"
"667",0,"none","with","leones","four","every",0.21,3,"one_slider","Espa√±ol",1,"23","Female",2,"","SpanSpan","none","no","nocollege","both8","mostlive","span","native","Chrome","Linux",760,360,2.07808333333333,667,"Yes"
"668",0,"all","without","leones","four","every",0.79,3,"one_slider","Espa√±ol ",2,"32","Male",2,"","SpanSpan","most","no","nocollege","both8","mostlive","span","native","Chrome","Linux",830,393,5.31421666666667,668,"Yes"
"673",0,"many","with","dinosaurios","four","every",0.07,3,"one_slider","Espa√±ol",2,"27","Female",3,"","SpanSpan","none","no","nocollege","both8","mostlive","span","native","Chrome","Windows",768,1366,3.84483333333333,673,"Yes"
"674",0,"many","without","leones","four","every",0,3,"one_slider","espa√±ol",1,"19","Female",1,"","SpanSpan","most","noclasses","nocollege","both8","mostlive","span","native","Chrome","Windows",768,1366,3.20183333333333,674,"Yes"
"675",0,"none","with","leones","two","every",0.16,3,"one_slider","Espa√±ol",2,"36","Female",3,"","SpanSpan","none","noclasses","nocollege","both8","mostlive","spaneng","native","Chrome","Linux",846,412,6.38496666666667,675,"Yes"
"676",0,"many","without","ranas","four","every",0.02,3,"one_slider","Espa√±ol",1,"23","Male",2,"","SpanSpan","none","no","nocollege","both8","mostlive","span","native","Chrome","Linux",720,360,2.79403333333333,676,"Yes"
"680",0,"all","without","leones","four","every",0.01,3,"one_slider","espa√±ol",2,"34","Male",3,"","SpanSpan","most","yes","onesem","both8","mostlive","span","native","Firefox","Linux",768,1366,3.22376666666667,680,"Yes"
"683",0,"all","without","mariposas","four","every",0.92,3,"one_slider","Espa√±ol",2,"42","Female",4,"Tarea sencilla","SpanSpan","none","noclasses","nocollege","both8","mostlive","span","native","Chrome","Linux",640,360,2.98893333333333,683,"Yes"
"687",0,"many","without","ranas","four","every",0.81,3,"one_slider","Castellano",-1,"25","Female",4,"","SpanSpan","most","no","nocollege","both8","mostlive","span","native","Chrome","Windows",720,1280,2.60343333333333,687,"Yes"
"693",0,"all","without","ranas","four","every",0.04,3,"one_slider","Espa√±ol",1,"38","Female",4,"Es un hit simp√°tico","SpanSpan","","noclasses","nocollege","both8","mostlive","span","native","Chrome","Linux",720,360,1.94503333333333,693,"Yes"
"694",0,"none","with","ranas","two","every",0.99,3,"one_slider","Espa√±ol",2,"41","Female",1,"","SpanEng","most","noclasses","nocollege","both8","mostlive","spaneng","native","Safari","an unknown OS",1024,768,3.51158333333333,694,"Yes"
"695",0,"none","with","leones","two","every",0.88,3,"one_slider","Espa√±ol",1,"30","Male",3,"","SpanSpan","mid","yes","nocollege","both8","mostlive","spaneng","native","Chrome","Linux",640,360,3.5842,695,"Yes"
"697",0,"many","with","leones","four","every",0.97,3,"one_slider","Espanol",1,"48","Female",4,"Interesante participar en algo que es en my propia lengua.","SpanSpan","none","noclasses","nocollege","both8","mostlive","span","native","Firefox","Linux",1080,1920,3.0321,697,"Yes"
"698",0,"many","with","leones","four","every",0.63,3,"one_slider","Espa√±ol",-1,"26","Female",4,"","SpanEng","most","noclasses","nocollege","both8","mostlive","spaneng","native","Chrome","Windows",720,1280,3.63668333333333,698,"Yes"
"704",0,"all","with","dinosaurios","four","every",0.97,3,"one_slider","Espa√±ol",2,"31","Female",3,"","SpanSpan","none","noclasses","nocollege","both8","mostlive","span","native","Chrome","Linux",640,360,4.20896666666667,704,"Yes"
"705",0,"many","with","ranas","four","every",0.16,3,"one_slider","Espa√±ol ",1,"18","Female",0,"","SpanSpan","most","yes","nocollege","both8","mostlive","spaneng","native","Safari","iPhone/iPod",736,414,4.7938,705,"Yes"
"706",0,"all","with","leones","four","every",0.94,3,"one_slider","Espa√±ol",2,"39","Male",3,"","SpanSpan","","no","","both8","mostlive","span","native","Chrome","Linux",732,412,4.36085,706,"Yes"
"708",0,"many","without","leones","two","every",0,3,"one_slider","Espa√±ol",1,"21","Male",2,"","SpanSpan","none","no","nocollege","both8","mostlive","span","native","Firefox","Windows",768,1366,1.94988333333333,708,"Yes"
"710",0,"many","with","mariposas","four","every",0.96,3,"one_slider","Espa√±ol",1,"47","Female",4,"Estaba escrito mal el espa√±ol, estaba escrito como traducido por google translate.","SpanSpan","none","noclasses","nocollege","both8","mostlive","spaneng","native","Chrome","Windows",768,1366,4.13901666666667,710,"Yes"
"714",0,"many","with","leones","two","every",0.05,3,"one_slider","Espa√±ol",1,"30","Male",3,"","SpanSpan","most","noclasses","nocollege","both8","mostlive","span","native","Chrome","Windows",768,1366,3.10573333333333,714,"Yes"
"721",0,"many","without","dinosaurios","two","every",0.36,3,"one_slider","espa√±ol",1,"21","Male",2,"est√° interesante como nos confunde si cambia el orden de las oraciones ","SpanSpan","most","yes","midsem","both8","mostlive","span","native","Safari","Mac",900,1440,5.60356666666667,721,"Confused"
"722",0,"many","with","dinosaurios","two","every",0,3,"one_slider","Espa√±ol ",2,"19","Female",1,"","SpanSpan","none","no","nocollege","both8","mostlive","spaneng","native","Safari","iPhone/iPod",736,414,3.35835,722,"Yes"
"724",0,"all","without","leones","two","every",0.89,3,"one_slider","Espa√±ol",1,"42","Female",4,"Para un hispanohablante, la respuesta aparece como mal redactada gramaticalmente, y ah√≠ se genera la posible confusi√≥n. Cambiando el orden de las palabras, es obvio que ser√≠a 100x100 correcta (no todos compraron...).","SpanSpan","","","","both8","mostlive","spaneng","native","Chrome","Mac",800,1280,4.27135,724,"Yes"
"725",0,"many","with","leones","four","every",0,3,"one_slider","Espa√±ol",2,"24","Female",3,"Creo que es curiosa la manera en que se plantea la pregunta al final.","SpanSpan","none","noclasses","nocollege","both8","mostlive","span","native","Chrome","Windows",900,1600,3.63053333333333,725,"Yes"
"727",0,"all","with","mariposas","two","every",0.76,3,"one_slider","Espa√±ol",1,"30","Female",4,"","SpanEng","most","no","onesem","both8","mostlive","spaneng","native","Chrome","Windows",1080,1920,2.65055,727,"Yes"
"729",0,"all","with","leones","two","every",0.68,3,"one_slider","Espa√±ol",1,"","Female",3,"","SpanEng","most","noclasses","nocollege","both8","mostlive","span","native","Chrome","Linux",780,360,2.81651666666667,729,"Yes"
"730",0,"none","with","ranas","two","every",0,3,"one_slider","Espa√±ol",1,"21","Female",1,"","SpanSpan","most","yes","nocollege","both8","mostlive","span","advanced","Chrome","Mac",900,1440,17.1622166666667,730,"Yes"
"739",0,"all","without","leones","four","every",0.98,3,"one_slider","Espa√±ol",1,"44","Female",4,"","SpanSpan","most","noclasses","nocollege","both8","mostlive","span","native","Safari","iPhone/iPod",568,320,4.64773333333333,739,"Yes"
"740",0,"many","without","mariposas","two","every",0.86,3,"one_slider","Espa√±ol",1,"45","Male",4,"","SpanSpan","","noclasses","nocollege","both8","mostlive","span","native","Firefox","Windows",864,1536,4.0838,740,"Yes"
"742",0,"many","without","dinosaurios","two","every",0.83,3,"one_slider","Espa√±ol",2,"25","Male",4,"","SpanSpan","none","no","nocollege","both8","mostlive","span","native","Chrome","Windows",768,1366,2.29658333333333,742,"Yes"
"745",0,"all","without","mariposas","four","every",0.93,3,"one_slider","Espa√±ol",2,"33","Female",4,"","SpanSpan","most","no","nocollege","both8","mostlive","spaneng","native","Chrome","Linux",720,360,5.4735,745,"Yes"
"747",0,"all","without","leones","four","every",0.87,3,"one_slider","Espa√±ol",2,"23","Female",4,"","SpanSpan","most","yes","midsem","both8","mostlive","spaneng","native","Chrome","Linux",640,360,3.55283333333333,747,"Yes"
"749",0,"all","with","ranas","four","every",1,3,"one_slider","espa√±ol",2,"35","Male",1,"me gusto bastante te hace pensar","SpanSpan","none","no","nocollege","both8","mostlive","span","native","Chrome","Windows",900,1600,3.21183333333333,749,"Yes"
"750",0,"many","without","dinosaurios","two","every",0,3,"one_slider","Espa√±a",1,"25","Male",3,"","SpanSpan","none","no","nocollege","both8","mostlive","span","native","Chrome","Windows",1080,1920,2.19335,750,"Yes"
"759",0,"none","with","ranas","four","every",0.7,3,"one_slider","Espa√±ol",1,"25","Female",4,"","SpanSpan","none","no","nocollege","both8","mostlive","span","native","Chrome","Windows",864,1536,2.31275,759,"Yes"
"760",0,"all","with","mariposas","two","every",1,3,"one_slider","Espa√±ol",1,"27","Female",2,"es algo confuso en el sentido de que las oraciones no est√°n bien hiladas, pero supongo que es la idea.","SpanSpan","most","no","nocollege","both8","mostlive","span","native","Firefox","Windows",768,1366,3.2899,760,"Yes"
