number,trial_type,quantifier,Answer.condition,QUD,item,workerid,Answer.time_in_minutes,slide_number,context,response
two,one_slider,numeral,undefined,many,dinosaurs,0,1.1333166666666667,3,with,0
two,one_slider,every,undefined,none,lions,1,1.5873666666666666,3,without,0
four,one_slider,numeral,undefined,none,frogs,2,2.27055,3,with,0.87
four,one_slider,numeral,undefined,all,frogs,3,2.48905,3,without,0.97
four,one_slider,every,undefined,all,butterflies,4,2.0900333333333334,3,without,0.93
two,one_slider,numeral,undefined,all,lions,5,0.5525,3,with,0.81
two,one_slider,every,undefined,many,lions,6,1.01265,3,without,0.97
four,one_slider,every,undefined,none,butterflies,7,2.60325,3,with,0.12
two,one_slider,every,undefined,none,dinosaurs,8,1.2786,3,without,0
two,one_slider,numeral,undefined,many,lions,9,1.2273,3,without,0.01
four,one_slider,every,undefined,all,frogs,10,1.7417,3,with,0.79
two,one_slider,every,undefined,many,dinosaurs,11,1.1620833333333334,3,without,1
two,one_slider,numeral,undefined,none,lions,12,1.3097,3,with,0.72
four,one_slider,numeral,undefined,many,lions,13,1.9126333333333334,3,without,1
four,one_slider,every,undefined,many,frogs,14,1.3291833333333334,3,with,0.84
four,one_slider,every,undefined,all,frogs,15,1.55675,3,without,0.98
four,one_slider,every,undefined,all,frogs,16,1.3455666666666666,3,with,0.98
four,one_slider,every,undefined,none,butterflies,17,1.9790333333333334,3,with,0.07
four,one_slider,every,undefined,all,butterflies,18,0.9118166666666667,3,without,0
four,one_slider,every,undefined,all,butterflies,19,1.5567333333333333,3,with,0.6
two,one_slider,numeral,undefined,all,dinosaurs,20,1.1543333333333334,3,without,0
four,one_slider,every,undefined,all,lions,21,0.8115833333333333,3,with,1
two,one_slider,numeral,undefined,many,butterflies,22,1.0698166666666666,3,without,0.9
two,one_slider,numeral,undefined,many,butterflies,23,2.110716666666667,3,without,0.02
two,one_slider,numeral,undefined,all,frogs,24,2.4563333333333333,3,without,0.01
two,one_slider,numeral,undefined,none,frogs,25,0.97745,3,without,0.89
four,one_slider,numeral,undefined,all,dinosaurs,26,1.9013666666666666,3,without,1
two,one_slider,numeral,undefined,many,dinosaurs,27,1.51895,3,without,0
two,one_slider,every,undefined,many,frogs,28,2.0081,3,without,0.97
four,one_slider,numeral,undefined,none,butterflies,29,2.1014333333333335,3,without,0.99
four,one_slider,numeral,undefined,none,butterflies,30,2.0467666666666666,3,without,0.48
two,one_slider,every,undefined,none,dinosaurs,31,1.5104666666666666,3,with,0.49
four,one_slider,numeral,undefined,all,lions,32,1.3744166666666666,3,with,0.97
four,one_slider,numeral,undefined,none,frogs,33,1.38955,3,with,1
two,one_slider,every,undefined,none,butterflies,34,1.2783833333333334,3,with,0.98
four,one_slider,every,undefined,all,lions,35,1.3792333333333333,3,with,1
four,one_slider,every,undefined,many,dinosaurs,36,2.1267,3,without,0.83
two,one_slider,every,undefined,all,frogs,37,8.553316666666667,3,with,1
two,one_slider,numeral,undefined,none,butterflies,38,2.4183333333333334,3,with,0
four,one_slider,every,undefined,none,lions,39,2.128433333333333,3,with,0.96
two,one_slider,numeral,undefined,many,frogs,40,3.009733333333333,3,with,0.86
four,one_slider,numeral,undefined,many,dinosaurs,41,1.4161,3,with,1
four,one_slider,every,undefined,none,lions,42,1.8049,3,without,0.51
two,one_slider,every,undefined,none,dinosaurs,43,1.5161666666666667,3,without,0.27
two,one_slider,numeral,undefined,none,butterflies,44,1.9913833333333333,3,with,0
two,one_slider,numeral,undefined,many,butterflies,45,4.2223,3,without,0.86
four,one_slider,numeral,undefined,all,butterflies,46,0.9914333333333334,3,without,0.98
two,one_slider,every,undefined,many,butterflies,47,3.715116666666667,3,with,0.88
four,one_slider,every,undefined,all,butterflies,48,2.6900833333333334,3,with,0.03
four,one_slider,every,undefined,many,frogs,49,0.567,3,without,0.73
four,one_slider,every,undefined,none,dinosaurs,50,2.280683333333333,3,without,0.03
four,one_slider,every,undefined,none,frogs,51,0.9416,3,with,0.02
two,one_slider,numeral,undefined,none,lions,52,3.57435,3,without,0.54
two,one_slider,numeral,undefined,none,dinosaurs,53,1.79825,3,without,0.04
four,one_slider,numeral,undefined,none,butterflies,54,0.9547333333333333,3,with,0.73
two,one_slider,numeral,undefined,none,butterflies,55,2.4576333333333333,3,with,0
four,one_slider,numeral,undefined,all,lions,56,1.4838333333333333,3,without,0.98
two,one_slider,every,undefined,none,dinosaurs,57,1.41735,3,without,0.02
four,one_slider,numeral,undefined,all,butterflies,58,1.0707666666666666,3,with,0.94
two,one_slider,numeral,undefined,many,frogs,59,1.6644666666666668,3,without,0.2
four,one_slider,every,undefined,many,butterflies,60,1.2584,3,with,0.98
four,one_slider,numeral,undefined,none,frogs,61,0.6283666666666666,3,without,0.47
four,one_slider,every,undefined,all,butterflies,62,1.3732666666666666,3,with,0.99
two,one_slider,numeral,undefined,many,frogs,63,2.1149666666666667,3,with,1
four,one_slider,every,undefined,many,lions,64,2.79065,3,with,0.99
four,one_slider,numeral,undefined,many,dinosaurs,65,1.8906833333333333,3,with,0.02
two,one_slider,every,undefined,all,frogs,66,2.6224833333333333,3,without,0.87
four,one_slider,every,undefined,many,lions,67,0.6502833333333333,3,with,0.82
four,one_slider,numeral,undefined,many,dinosaurs,68,2.1208,3,without,0.98
four,one_slider,numeral,undefined,none,lions,69,0.7311166666666666,3,with,0.99
two,one_slider,numeral,undefined,many,frogs,70,2.2903,3,with,0.02
two,one_slider,numeral,undefined,none,dinosaurs,71,2.27235,3,with,0
four,one_slider,numeral,undefined,many,frogs,72,2.0800666666666667,3,with,1
four,one_slider,every,undefined,many,lions,73,2.8722,3,without,0.98
two,one_slider,numeral,undefined,many,lions,74,3.8221666666666665,3,without,0.26
four,one_slider,every,undefined,all,lions,75,2.3459333333333334,3,with,0.99
two,one_slider,every,undefined,all,butterflies,76,1.62615,3,without,0.03
four,one_slider,numeral,undefined,all,lions,77,2.0955666666666666,3,without,1
four,one_slider,numeral,undefined,none,butterflies,78,1.2604833333333334,3,with,0.97
four,one_slider,every,undefined,all,lions,79,2.8665166666666666,3,without,0.95
two,one_slider,numeral,undefined,none,butterflies,80,2.306016666666667,3,with,1
four,one_slider,numeral,undefined,none,butterflies,81,1.9304166666666667,3,without,0.65
two,one_slider,every,undefined,none,frogs,82,1.4110833333333332,3,without,0
four,one_slider,numeral,undefined,many,frogs,83,2.364333333333333,3,with,0.8
two,one_slider,numeral,undefined,none,butterflies,84,0.5458333333333333,3,without,0.53
two,one_slider,numeral,undefined,none,butterflies,85,2.1862833333333334,3,with,0
two,one_slider,numeral,undefined,all,dinosaurs,86,1.2472666666666667,3,with,0
four,one_slider,every,undefined,all,butterflies,87,1.20825,3,with,0.63
two,one_slider,every,undefined,many,dinosaurs,88,1.4156166666666667,3,without,0
four,one_slider,numeral,undefined,none,frogs,89,1.6074333333333333,3,without,0.97
four,one_slider,every,undefined,none,frogs,90,2.4369666666666667,3,with,0.97
four,one_slider,every,undefined,all,butterflies,91,1.7420333333333333,3,with,0.83
four,one_slider,every,undefined,many,butterflies,92,1.1945,3,with,1
two,one_slider,numeral,undefined,all,butterflies,93,1.1402333333333334,3,without,0.03
two,one_slider,every,undefined,all,dinosaurs,94,3.6531,3,without,0.96
two,one_slider,every,undefined,many,lions,95,0.7129833333333333,3,without,0.04
two,one_slider,every,undefined,all,frogs,96,1.1047666666666667,3,with,0.97
four,one_slider,every,undefined,none,butterflies,97,1.6571833333333332,3,without,0.02
two,one_slider,every,undefined,all,lions,98,1.8712666666666666,3,with,0.99
two,one_slider,every,undefined,none,frogs,99,1.5988333333333333,3,with,0.99
four,one_slider,every,undefined,all,dinosaurs,100,2.0643166666666666,3,with,0.68
two,one_slider,numeral,undefined,all,dinosaurs,101,2.2380666666666666,3,with,0.72
four,one_slider,every,undefined,many,lions,102,1.0991,3,with,1
four,one_slider,every,undefined,many,lions,103,1.9419333333333333,3,without,0.98
four,one_slider,every,undefined,none,frogs,104,1.44445,3,with,0.88
two,one_slider,numeral,undefined,all,frogs,105,1.7526166666666667,3,without,0.6
two,one_slider,numeral,undefined,many,dinosaurs,106,2.891583333333333,3,with,1
four,one_slider,numeral,undefined,none,lions,107,1.8970333333333333,3,with,0.96
four,one_slider,numeral,undefined,many,frogs,108,1.7053833333333333,3,without,0.97
two,one_slider,every,undefined,all,lions,109,1.9912,3,without,0.91
four,one_slider,every,undefined,none,dinosaurs,110,1.9376333333333333,3,without,0.23
four,one_slider,every,undefined,many,butterflies,111,1.5709,3,with,0.94
four,one_slider,numeral,undefined,all,lions,112,1.6125333333333334,3,without,1
four,one_slider,every,undefined,all,butterflies,113,1.2390833333333333,3,without,0.99
two,one_slider,every,undefined,all,lions,114,1.7357,3,without,0.99
four,one_slider,numeral,undefined,all,lions,115,1.11215,3,without,0.99
four,one_slider,numeral,undefined,none,lions,116,2.8212166666666665,3,with,0.97
two,one_slider,numeral,undefined,none,frogs,117,8.55275,3,with,0.1
four,one_slider,every,undefined,all,butterflies,118,3.295533333333333,3,with,0
two,one_slider,every,undefined,many,frogs,119,1.94425,3,without,0.31
two,one_slider,every,undefined,many,lions,120,2.2244,3,without,0.99
four,one_slider,every,undefined,none,butterflies,121,0.88475,3,without,0.96
four,one_slider,every,undefined,many,lions,122,0.9267666666666666,3,with,0
four,one_slider,numeral,undefined,many,butterflies,123,2.313066666666667,3,with,0.79
two,one_slider,numeral,undefined,none,butterflies,124,2.12245,3,without,0.72
two,one_slider,numeral,undefined,all,butterflies,125,1.98825,3,with,0.04
four,one_slider,numeral,undefined,none,lions,126,3.1056,3,with,1
two,one_slider,numeral,undefined,none,frogs,127,1.1672,3,without,0.02
two,one_slider,every,undefined,all,frogs,128,3.1771,3,with,0.98
two,one_slider,numeral,undefined,many,frogs,129,1.2838666666666667,3,with,0.02
four,one_slider,every,undefined,none,frogs,130,2.58715,3,with,0.95
four,one_slider,numeral,undefined,none,butterflies,131,2.9037166666666665,3,without,1
two,one_slider,every,undefined,none,lions,132,1.537,3,without,1
two,one_slider,every,undefined,all,lions,133,2.9127666666666667,3,without,0
four,one_slider,numeral,undefined,none,dinosaurs,134,1.89755,3,without,0.73
four,one_slider,numeral,undefined,all,lions,135,0.9964166666666666,3,with,0.98
two,one_slider,numeral,undefined,none,dinosaurs,136,1.9647833333333333,3,with,0
two,one_slider,numeral,undefined,all,lions,137,1.0988333333333333,3,without,0
four,one_slider,every,undefined,none,butterflies,138,1.0730833333333334,3,with,0.03
two,one_slider,every,undefined,none,butterflies,139,1.9768666666666668,3,without,0.97
four,one_slider,numeral,undefined,none,frogs,140,1.19415,3,without,0.99
four,one_slider,every,undefined,none,butterflies,141,2.6571333333333333,3,without,0.03
four,one_slider,every,undefined,all,dinosaurs,142,2.9399,3,with,0.76
four,one_slider,numeral,undefined,many,dinosaurs,143,2.139883333333333,3,without,0.99
two,one_slider,numeral,undefined,none,frogs,144,1.0347333333333333,3,with,0
two,one_slider,every,undefined,many,lions,145,2.0669833333333334,3,with,0.97
two,one_slider,numeral,undefined,all,butterflies,146,0.90275,3,with,0.44
two,one_slider,numeral,undefined,none,butterflies,147,1.6701833333333334,3,without,0
two,one_slider,every,undefined,many,dinosaurs,148,1.4111,3,with,0.2
two,one_slider,every,undefined,many,butterflies,149,3.0906833333333332,3,with,0.02
four,one_slider,numeral,undefined,none,frogs,150,2.205783333333333,3,with,0.31
two,one_slider,numeral,undefined,many,lions,151,2.0155666666666665,3,without,0.98
four,one_slider,every,undefined,all,dinosaurs,152,3.82615,3,with,0.78
four,one_slider,numeral,undefined,many,frogs,153,1.6108333333333333,3,with,0.71
two,one_slider,every,undefined,none,frogs,154,2.0213833333333335,3,with,0.97
four,one_slider,every,undefined,all,frogs,155,1.5756833333333333,3,without,1
four,one_slider,numeral,undefined,none,frogs,156,1.3212333333333333,3,with,1
four,one_slider,every,undefined,all,frogs,157,1.2174333333333334,3,without,1
two,one_slider,numeral,undefined,all,dinosaurs,158,0.9856,3,without,0.04
four,one_slider,every,undefined,all,dinosaurs,159,1.71495,3,without,1
two,one_slider,numeral,undefined,none,frogs,160,2.76475,3,with,0.92
four,one_slider,every,undefined,all,frogs,161,2.4232666666666667,3,without,1
four,one_slider,numeral,undefined,none,lions,162,1.2829333333333333,3,with,0.98
four,one_slider,every,undefined,none,frogs,163,2.0218833333333333,3,without,0.97
two,one_slider,numeral,undefined,all,lions,164,0.9233666666666667,3,without,0.83
two,one_slider,numeral,undefined,none,frogs,165,1.5498166666666666,3,without,0.01
two,one_slider,every,undefined,all,lions,166,1.0545666666666667,3,with,0.99
four,one_slider,every,undefined,none,butterflies,167,3.4327833333333335,3,without,0.11
two,one_slider,every,undefined,many,frogs,168,2.0389666666666666,3,without,0.98
four,one_slider,every,undefined,many,frogs,169,1.4080166666666667,3,with,0.02
two,one_slider,every,undefined,many,butterflies,170,1.3292333333333333,3,without,0
four,one_slider,every,undefined,all,butterflies,171,0.7566166666666667,3,with,0.58
two,one_slider,every,undefined,none,frogs,172,2.749216666666667,3,without,0.31
four,one_slider,numeral,undefined,none,butterflies,173,1.6211333333333333,3,with,0.93
four,one_slider,every,undefined,many,lions,174,0.8302,3,with,0.4
two,one_slider,numeral,undefined,none,lions,175,1.0352833333333333,3,without,0
two,one_slider,every,undefined,all,butterflies,176,1.9416833333333334,3,with,1
two,one_slider,numeral,undefined,all,dinosaurs,177,2.064433333333333,3,without,0.04
four,one_slider,numeral,undefined,many,dinosaurs,178,2.0250166666666667,3,with,0.98
four,one_slider,every,undefined,all,dinosaurs,179,2.366416666666667,3,without,0.99
two,one_slider,every,undefined,many,butterflies,180,1.6984333333333332,3,with,0
four,one_slider,numeral,undefined,many,butterflies,181,2.3629166666666666,3,with,0.99
four,one_slider,every,undefined,many,butterflies,182,2.03355,3,with,0.97
four,one_slider,every,undefined,none,frogs,183,1.24415,3,without,0.07
four,one_slider,numeral,undefined,none,dinosaurs,184,1.81725,3,with,0.96
four,one_slider,numeral,undefined,none,dinosaurs,185,2.7833833333333335,3,with,0.52
two,one_slider,every,undefined,none,dinosaurs,186,1.37885,3,with,0
four,one_slider,numeral,undefined,none,lions,187,1.7829,3,without,0.99
two,one_slider,numeral,undefined,none,lions,188,2.0437333333333334,3,without,0.02
four,one_slider,numeral,undefined,all,butterflies,189,1.2020166666666667,3,with,0.99
four,one_slider,numeral,undefined,all,lions,190,1.5014333333333334,3,without,0.98
two,one_slider,numeral,undefined,all,lions,191,0.83095,3,without,0.15
four,one_slider,every,undefined,none,butterflies,192,2.3355166666666665,3,without,0.84
two,one_slider,numeral,undefined,many,butterflies,193,0.9992,3,without,0.54
two,one_slider,every,undefined,all,lions,194,1.5556166666666666,3,without,0.98
four,one_slider,every,undefined,none,butterflies,195,2.3648,3,with,0.98
two,one_slider,every,undefined,none,dinosaurs,196,1.9695166666666666,3,without,0
two,one_slider,numeral,undefined,none,lions,197,1.0016166666666666,3,without,0
two,one_slider,every,undefined,all,butterflies,198,1.8905,3,with,0.95
four,one_slider,numeral,undefined,none,butterflies,199,0.9709,3,with,0.98
two,one_slider,every,undefined,many,frogs,200,1.01735,3,with,0.96
four,one_slider,numeral,undefined,none,butterflies,201,1.55785,3,with,0.98
two,one_slider,numeral,undefined,all,frogs,202,4.027916666666667,3,with,0.01
four,one_slider,numeral,undefined,many,lions,203,1.3211666666666666,3,with,1
two,one_slider,every,undefined,many,frogs,204,2.70305,3,with,0.34
four,one_slider,every,undefined,none,lions,205,1.5264833333333334,3,without,0.01
four,one_slider,numeral,undefined,many,lions,206,1.2685666666666666,3,without,0.5
four,one_slider,numeral,undefined,many,lions,207,3.1513333333333335,3,with,0.97
two,one_slider,numeral,undefined,many,lions,208,2.0025666666666666,3,without,0.02
two,one_slider,numeral,undefined,none,frogs,209,0.9100833333333334,3,without,0.99
two,one_slider,every,undefined,many,lions,210,1.2435166666666666,3,without,0.72
two,one_slider,numeral,undefined,many,butterflies,211,1.58585,3,without,0.68
two,one_slider,numeral,undefined,none,dinosaurs,212,2.5497,3,with,0
two,one_slider,every,undefined,many,lions,213,6.515483333333333,3,without,0
four,one_slider,numeral,undefined,none,frogs,214,1.9802833333333334,3,without,0.98
two,one_slider,numeral,undefined,all,frogs,215,1.8816166666666667,3,with,0.34
two,one_slider,every,undefined,none,butterflies,216,1.9868333333333332,3,without,0
two,one_slider,every,undefined,all,frogs,217,2.1322,3,with,1
four,one_slider,every,undefined,all,dinosaurs,218,1.8376166666666667,3,with,1
four,one_slider,every,undefined,all,butterflies,219,2.8598666666666666,3,without,0.23
four,one_slider,every,undefined,none,dinosaurs,220,1.4560833333333334,3,with,0.51
two,one_slider,every,undefined,all,frogs,221,2.8127666666666666,3,without,1
four,one_slider,numeral,undefined,all,dinosaurs,222,1.85835,3,without,0.75
two,one_slider,numeral,undefined,many,butterflies,223,1.9202833333333333,3,with,0.15
four,one_slider,every,undefined,all,lions,224,1.5068833333333334,3,with,0.97
four,one_slider,numeral,undefined,all,lions,225,1.31035,3,without,1
four,one_slider,every,undefined,all,lions,226,1.8113666666666666,3,without,0.97
four,one_slider,every,undefined,none,lions,227,3.3937666666666666,3,with,0.16
two,one_slider,numeral,undefined,all,dinosaurs,228,1.9580666666666666,3,without,0.02
two,one_slider,every,undefined,all,frogs,229,1.6659833333333334,3,without,0.97
four,one_slider,numeral,undefined,all,frogs,230,3.3031166666666665,3,without,0.96
four,one_slider,every,undefined,none,lions,231,2.1365333333333334,3,with,0.01
two,one_slider,numeral,undefined,none,butterflies,232,3.2339166666666666,3,with,0.14
two,one_slider,numeral,undefined,none,frogs,233,1.7018166666666668,3,without,1
two,one_slider,numeral,undefined,many,lions,234,1.46555,3,with,0.4
two,one_slider,every,undefined,many,lions,235,2.012766666666667,3,without,0.87
two,one_slider,every,undefined,all,dinosaurs,236,1.3023333333333333,3,with,0.03
four,one_slider,numeral,undefined,all,dinosaurs,237,2.1860833333333334,3,without,1
two,one_slider,numeral,undefined,all,dinosaurs,238,1.0338,3,without,0.1
four,one_slider,numeral,undefined,many,dinosaurs,239,1.46745,3,with,0.96
two,one_slider,every,undefined,many,butterflies,240,0.3740833333333333,3,without,0.75
two,one_slider,every,undefined,many,dinosaurs,241,1.7450666666666668,3,without,0.01
two,one_slider,numeral,undefined,all,frogs,242,2.1899,3,with,0.99
four,one_slider,every,undefined,all,dinosaurs,243,1.55,3,without,1
four,one_slider,numeral,undefined,all,butterflies,244,1.6215166666666667,3,with,0.97
two,one_slider,every,undefined,all,frogs,245,3.1586666666666665,3,without,1
four,one_slider,every,undefined,all,dinosaurs,246,1.3320166666666666,3,with,1
two,one_slider,numeral,undefined,all,butterflies,247,2.3146166666666668,3,without,0
two,one_slider,numeral,undefined,none,butterflies,248,1.4036,3,with,0.02
four,one_slider,numeral,undefined,many,dinosaurs,249,2.9648,3,without,0.5
two,one_slider,numeral,undefined,all,dinosaurs,250,1.1892666666666667,3,without,0
two,one_slider,every,undefined,none,frogs,251,1.7858833333333333,3,without,0.01
two,one_slider,every,undefined,none,lions,252,1.1293,3,without,0.09
four,one_slider,numeral,undefined,none,butterflies,253,2.2068833333333333,3,without,1
two,one_slider,every,undefined,none,butterflies,254,1.1661666666666666,3,without,0
four,one_slider,every,undefined,all,lions,255,1.69635,3,with,0.47
two,one_slider,numeral,undefined,many,dinosaurs,256,1.1519,3,with,0
two,one_slider,every,undefined,all,frogs,257,1.6395333333333333,3,with,0.98
four,one_slider,numeral,undefined,all,frogs,258,3.6292333333333335,3,with,0.99
four,one_slider,every,undefined,many,lions,259,1.4773833333333333,3,with,0.96
four,one_slider,numeral,undefined,many,lions,260,1.6584666666666668,3,without,0.74
two,one_slider,every,undefined,many,dinosaurs,261,1.5114166666666666,3,without,0
four,one_slider,numeral,undefined,all,butterflies,262,5.52015,3,without,0.98
two,one_slider,numeral,undefined,all,butterflies,263,1.1142333333333334,3,without,0.86
two,one_slider,every,undefined,many,dinosaurs,264,1.2036666666666667,3,with,0.51
four,one_slider,numeral,undefined,all,frogs,265,1.9145166666666666,3,with,0.98
two,one_slider,numeral,undefined,none,dinosaurs,266,1.4758333333333333,3,without,0.05
four,one_slider,every,undefined,all,lions,267,1.1124833333333333,3,with,1
four,one_slider,numeral,undefined,many,lions,268,4.3036,3,with,0.99
four,one_slider,numeral,undefined,none,lions,269,1.1831,3,without,1
four,one_slider,numeral,undefined,many,frogs,270,2.17835,3,with,0.03
four,one_slider,numeral,undefined,all,lions,271,1.66475,3,without,1
two,one_slider,every,undefined,all,lions,272,1.001,3,without,0.98
four,one_slider,numeral,undefined,many,dinosaurs,273,1.43585,3,with,0.54
four,one_slider,every,undefined,many,lions,274,0.9659,3,without,0.47
four,one_slider,every,undefined,all,frogs,275,2.4822,3,without,1
four,one_slider,every,undefined,all,lions,276,0.92005,3,without,0.67
two,one_slider,numeral,undefined,none,frogs,277,2.9557166666666665,3,with,0.99
two,one_slider,numeral,undefined,all,frogs,278,2.5034,3,without,0.82
two,one_slider,every,undefined,many,butterflies,279,1.3156666666666668,3,without,0.01
four,one_slider,numeral,undefined,many,lions,280,2.6351833333333334,3,without,0.96
four,one_slider,every,undefined,many,butterflies,281,2.15955,3,with,0.63
two,one_slider,every,undefined,none,frogs,282,2.0026333333333333,3,with,0.99
two,one_slider,numeral,undefined,many,dinosaurs,283,1.9132166666666666,3,with,0
four,one_slider,numeral,undefined,all,dinosaurs,284,3.715716666666667,3,with,0.99
two,one_slider,every,undefined,none,dinosaurs,285,1.1060166666666666,3,without,0
two,one_slider,numeral,undefined,none,frogs,286,1.0378,3,without,0.02
two,one_slider,numeral,undefined,none,lions,287,1.50875,3,without,1
four,one_slider,every,undefined,many,dinosaurs,288,1.8114166666666667,3,with,0
two,one_slider,every,undefined,none,dinosaurs,289,1.6043,3,with,0
four,one_slider,every,undefined,none,butterflies,290,3.740266666666667,3,with,0
two,one_slider,numeral,undefined,all,lions,291,2.6861333333333333,3,without,0.07
four,one_slider,every,undefined,all,frogs,292,2.045933333333333,3,with,0.98
two,one_slider,every,undefined,none,lions,293,2.6044666666666667,3,without,0.49
two,one_slider,numeral,undefined,none,dinosaurs,294,1.4863,3,without,0.97
four,one_slider,numeral,undefined,all,butterflies,295,2.1126,3,without,0.97
two,one_slider,numeral,undefined,many,butterflies,296,0.30225,3,without,0.69
four,one_slider,every,undefined,many,butterflies,297,0.6840833333333334,3,with,0.98
four,one_slider,every,undefined,many,dinosaurs,298,1.27815,3,without,1
two,one_slider,numeral,undefined,all,dinosaurs,299,1.28445,3,without,0.15
four,one_slider,every,undefined,none,butterflies,300,1.3346,3,without,0
four,one_slider,every,undefined,all,dinosaurs,301,2.9518833333333334,3,with,0.99
four,one_slider,numeral,undefined,all,dinosaurs,302,2.1882333333333333,3,without,1
four,one_slider,numeral,undefined,none,butterflies,303,1.3322,3,without,0.54
four,one_slider,numeral,undefined,none,dinosaurs,304,1.4164666666666668,3,without,1
two,one_slider,numeral,undefined,none,butterflies,305,1.0326333333333333,3,without,0.1
two,one_slider,every,undefined,many,dinosaurs,306,1.2281166666666667,3,without,0.05
two,one_slider,numeral,undefined,none,frogs,307,0.99535,3,without,0.55
two,one_slider,numeral,undefined,many,dinosaurs,308,2.502066666666667,3,without,0.25
four,one_slider,numeral,undefined,all,dinosaurs,309,1.30475,3,with,0.9
four,one_slider,every,undefined,all,dinosaurs,310,1.3886833333333333,3,without,0.95
two,one_slider,numeral,undefined,all,frogs,311,2.0173666666666668,3,without,0.51
two,one_slider,every,undefined,many,lions,312,0.9669166666666666,3,with,0.59
four,one_slider,every,undefined,many,dinosaurs,313,1.42665,3,without,0.7
two,one_slider,numeral,undefined,none,butterflies,314,4.6010333333333335,3,without,0.02
four,one_slider,numeral,undefined,all,frogs,315,1.6684833333333333,3,with,0.97
two,one_slider,every,undefined,none,lions,316,0.48911666666666664,3,with,0.47
four,one_slider,numeral,undefined,none,lions,317,2.097183333333333,3,with,0.64
four,one_slider,numeral,undefined,none,dinosaurs,318,1.9966833333333334,3,with,1
four,one_slider,every,undefined,none,dinosaurs,319,1.8256166666666667,3,without,0.99
two,one_slider,numeral,undefined,many,lions,320,2.052783333333333,3,with,0
four,one_slider,every,undefined,all,frogs,321,1.9693166666666666,3,with,0.97
four,one_slider,every,undefined,many,lions,322,2.6732833333333335,3,with,1
two,one_slider,numeral,undefined,many,butterflies,323,2.6939,3,without,0.06
two,one_slider,every,undefined,none,lions,324,1.0344666666666666,3,with,0
two,one_slider,every,undefined,all,dinosaurs,325,1.7461833333333334,3,without,0.02
two,one_slider,every,undefined,all,dinosaurs,326,1.5434833333333333,3,without,0.95
two,one_slider,numeral,undefined,all,dinosaurs,327,1.5231166666666667,3,with,0.02
four,one_slider,numeral,undefined,none,butterflies,328,2.31925,3,without,0.95
four,one_slider,numeral,undefined,all,frogs,329,1.5124833333333334,3,with,0.74
two,one_slider,numeral,undefined,none,lions,330,2.1630833333333332,3,with,0.51
two,one_slider,every,undefined,none,frogs,331,1.5405666666666666,3,without,0
two,one_slider,every,undefined,all,dinosaurs,332,1.70645,3,without,0.98
four,one_slider,every,undefined,many,frogs,333,1.46435,3,without,1
four,one_slider,every,undefined,none,dinosaurs,334,1.2966,3,without,0
four,one_slider,numeral,undefined,none,frogs,335,10.159016666666666,3,without,1
two,one_slider,every,undefined,none,butterflies,336,2.0486333333333335,3,without,0.05
two,one_slider,every,undefined,none,butterflies,337,2.31125,3,with,0.5
two,one_slider,every,undefined,none,dinosaurs,338,1.0346666666666666,3,without,0.12
two,one_slider,numeral,undefined,none,frogs,339,1.5676666666666668,3,without,0.06
two,one_slider,numeral,undefined,all,butterflies,340,1.81855,3,without,0.28
two,one_slider,numeral,undefined,none,frogs,341,1.4501666666666666,3,with,0.03
two,one_slider,numeral,undefined,all,lions,342,4.5564,3,without,0
two,one_slider,numeral,undefined,many,lions,343,1.1771166666666666,3,without,0
two,one_slider,numeral,undefined,none,frogs,344,1.5522666666666667,3,with,0.72
four,one_slider,every,undefined,many,lions,345,2.404716666666667,3,without,0.98
two,one_slider,every,undefined,all,butterflies,346,1.5181666666666667,3,without,0.17
four,one_slider,numeral,undefined,none,lions,347,1.2398166666666666,3,with,0.89
four,one_slider,every,undefined,all,butterflies,348,1.8964,3,without,0.95
four,one_slider,every,undefined,many,dinosaurs,349,2.457516666666667,3,with,0.03
two,one_slider,numeral,undefined,all,lions,350,1.5665833333333334,3,without,0.01
four,one_slider,numeral,undefined,none,frogs,351,0.82515,3,without,0.85
four,one_slider,every,undefined,many,dinosaurs,352,0.7986666666666666,3,with,0
four,one_slider,numeral,undefined,none,lions,353,7.596816666666666,3,without,0.79
two,one_slider,every,undefined,all,butterflies,354,2.78085,3,without,0.83
two,one_slider,numeral,undefined,many,dinosaurs,355,1.7999666666666667,3,without,0.04
two,one_slider,every,undefined,none,lions,356,1.526,3,without,0
two,one_slider,numeral,undefined,all,butterflies,357,1.80485,3,with,0
two,one_slider,every,undefined,all,lions,358,3.013333333333333,3,without,0.98
two,one_slider,every,undefined,all,lions,359,8.700583333333332,3,with,0.99
four,one_slider,numeral,undefined,none,butterflies,360,0.5365666666666666,3,without,0.65
four,one_slider,numeral,undefined,none,frogs,361,0.9854166666666667,3,without,1
two,one_slider,every,undefined,none,butterflies,362,1.71155,3,without,0.99
four,one_slider,every,undefined,all,lions,363,2.04635,3,with,0.99
two,one_slider,every,undefined,many,frogs,364,0.8514,3,without,0.52
two,one_slider,numeral,undefined,all,lions,365,1.7426833333333334,3,with,0.11
two,one_slider,numeral,undefined,many,frogs,366,2.2646333333333333,3,without,0.08
four,one_slider,every,undefined,many,dinosaurs,367,2.7830166666666667,3,without,0.93
two,one_slider,every,undefined,many,dinosaurs,368,2.2373666666666665,3,without,0
four,one_slider,numeral,undefined,none,lions,369,0.66,3,without,0.41
four,one_slider,numeral,undefined,many,dinosaurs,370,1.2245333333333333,3,without,0.97
two,one_slider,numeral,undefined,many,butterflies,371,1.53735,3,without,0.99
two,one_slider,numeral,undefined,many,lions,372,2.09015,3,without,0.19
two,one_slider,every,undefined,all,butterflies,373,1.2512333333333334,3,with,0.59
four,one_slider,every,undefined,all,dinosaurs,374,1.3703,3,without,0.99
four,one_slider,numeral,undefined,none,butterflies,375,1.4061333333333332,3,with,0
two,one_slider,numeral,undefined,none,lions,376,3.4204833333333333,3,with,0.04
four,one_slider,every,undefined,many,dinosaurs,377,1.7271666666666667,3,with,0.02
four,one_slider,every,undefined,none,butterflies,378,1.32845,3,without,0.95
two,one_slider,numeral,undefined,none,frogs,379,1.5120333333333333,3,with,0
two,one_slider,numeral,undefined,many,dinosaurs,380,2.5664,3,with,0.13
four,one_slider,numeral,undefined,all,lions,381,7.2157,3,without,1
two,one_slider,numeral,undefined,many,frogs,382,1.4988,3,with,1
two,one_slider,numeral,undefined,none,dinosaurs,383,2.2756666666666665,3,without,0.03
four,one_slider,numeral,undefined,many,butterflies,384,2.26005,3,with,1
four,one_slider,numeral,undefined,many,dinosaurs,385,1.9254833333333334,3,without,0.97
four,one_slider,every,undefined,many,dinosaurs,386,1.8479333333333334,3,without,0.51
four,one_slider,every,undefined,none,frogs,387,1.1871833333333333,3,with,0.04
two,one_slider,numeral,undefined,many,lions,388,1.9889,3,with,0.71
two,one_slider,every,undefined,none,frogs,389,3.40855,3,without,0.83
four,one_slider,every,undefined,all,frogs,390,3.9547166666666667,3,with,0.97
two,one_slider,numeral,undefined,all,dinosaurs,391,1.9327666666666667,3,without,0.29
two,one_slider,every,undefined,none,butterflies,392,1.22255,3,with,0.13
two,one_slider,numeral,undefined,all,frogs,393,2.2702166666666668,3,without,0
two,one_slider,numeral,undefined,none,dinosaurs,394,6.8211,3,with,0.02
two,one_slider,numeral,undefined,many,butterflies,395,1.73415,3,without,0
four,one_slider,numeral,undefined,all,butterflies,396,1.2420666666666667,3,without,0.99
two,one_slider,numeral,undefined,all,frogs,397,0.7915666666666666,3,with,0
four,one_slider,every,undefined,all,dinosaurs,398,4.6482,3,with,0.98
four,one_slider,every,undefined,many,dinosaurs,399,1.2575833333333333,3,with,1
four,one_slider,every,undefined,none,dinosaurs,400,2.06865,3,with,0.14
four,one_slider,every,undefined,none,dinosaurs,401,0.9858833333333333,3,with,0.06
two,one_slider,every,undefined,none,dinosaurs,402,2.4814833333333333,3,without,0.07
two,one_slider,every,undefined,all,butterflies,403,1.5521666666666667,3,without,0.75
four,one_slider,every,undefined,all,frogs,404,9.152216666666666,3,with,1
four,one_slider,numeral,undefined,none,lions,405,1.2259666666666666,3,with,1
two,one_slider,every,undefined,all,butterflies,406,7.99865,3,with,0.19
two,one_slider,numeral,undefined,many,lions,407,2.9644666666666666,3,with,0
two,one_slider,every,undefined,many,lions,408,1.7832,3,with,0
two,one_slider,numeral,undefined,all,lions,409,1.3070166666666667,3,with,0.96
four,one_slider,numeral,undefined,all,frogs,410,1.4341,3,without,1
two,one_slider,numeral,undefined,many,butterflies,411,4.168816666666666,3,without,0
four,one_slider,every,undefined,all,butterflies,412,2.2254833333333335,3,with,0.36
four,one_slider,numeral,undefined,all,dinosaurs,413,1.57165,3,without,0.85
four,one_slider,numeral,undefined,none,lions,414,1.2756666666666667,3,without,0.96
four,one_slider,numeral,undefined,all,butterflies,415,2.4231,3,without,1
two,one_slider,every,undefined,all,dinosaurs,416,1.0581166666666666,3,without,0.11
four,one_slider,numeral,undefined,all,butterflies,417,1.29355,3,without,0.99
four,one_slider,numeral,undefined,all,dinosaurs,418,2.76965,3,with,0.96
four,one_slider,numeral,undefined,all,frogs,419,1.7098833333333334,3,without,0.99
four,one_slider,numeral,undefined,none,butterflies,420,1.3388166666666668,3,without,0.99
four,one_slider,every,undefined,none,dinosaurs,421,1.51915,3,without,0.16
two,one_slider,every,undefined,all,frogs,422,1.5440333333333334,3,with,0.97
two,one_slider,every,undefined,many,dinosaurs,423,1.3398833333333333,3,without,0.97
four,one_slider,every,undefined,many,frogs,424,1.4528333333333334,3,with,1
two,one_slider,numeral,undefined,all,lions,425,2.388733333333333,3,without,0
two,one_slider,numeral,undefined,all,lions,426,3.8066833333333334,3,without,0.75
two,one_slider,numeral,undefined,many,frogs,427,1.9643333333333333,3,without,0.82
two,one_slider,every,undefined,none,frogs,428,1.8813166666666667,3,without,0.01
four,one_slider,numeral,undefined,all,lions,429,2.3049,3,without,0.98
four,one_slider,numeral,undefined,none,lions,430,1.04425,3,with,1
four,one_slider,every,undefined,all,lions,431,2.6682166666666665,3,without,0.89
four,one_slider,numeral,undefined,none,dinosaurs,432,1.9207833333333333,3,with,0.5
four,one_slider,every,undefined,many,butterflies,433,1.1079333333333334,3,without,0.07
four,one_slider,numeral,undefined,all,lions,434,1.0905,3,with,1
two,one_slider,every,undefined,all,butterflies,435,1.0030333333333334,3,with,0.91
four,one_slider,numeral,undefined,none,frogs,436,0.8418,3,without,0.61
four,one_slider,numeral,undefined,many,frogs,437,2.311733333333333,3,with,0.97
two,one_slider,every,undefined,all,lions,438,1.6225833333333333,3,with,0.99
two,one_slider,numeral,undefined,none,butterflies,439,5.0858,3,without,0.78
four,one_slider,numeral,undefined,many,frogs,440,1.7972833333333333,3,with,0.96
four,one_slider,every,undefined,none,dinosaurs,441,2.7181,3,with,0.83
four,one_slider,numeral,undefined,none,frogs,442,0.90565,3,without,0.84
four,one_slider,every,undefined,none,lions,443,1.48355,3,with,0.99
two,one_slider,every,undefined,many,frogs,444,1.0041,3,without,0.97
two,one_slider,numeral,undefined,all,lions,445,1.2020833333333334,3,with,0
four,one_slider,every,undefined,many,butterflies,446,1.4903666666666666,3,with,0.51
four,one_slider,numeral,undefined,all,frogs,447,1.2224,3,without,0.94
two,one_slider,numeral,undefined,many,lions,448,1.7710833333333333,3,without,0
two,one_slider,every,undefined,many,frogs,449,1.62975,3,without,0.1
two,one_slider,every,undefined,many,frogs,450,1.86235,3,without,0
two,one_slider,every,undefined,none,dinosaurs,451,0.9052666666666667,3,without,0
two,one_slider,numeral,undefined,none,butterflies,452,0.94395,3,without,0.04
two,one_slider,numeral,undefined,none,lions,453,1.15965,3,without,0.05
four,one_slider,numeral,undefined,all,lions,454,2.2764333333333333,3,with,0.97
four,one_slider,numeral,undefined,many,frogs,455,4.816316666666666,3,without,0.6
two,one_slider,every,undefined,all,frogs,456,1.1446166666666666,3,without,1
two,one_slider,every,undefined,many,lions,457,1.6565333333333334,3,with,0
four,one_slider,every,undefined,all,lions,458,1.1018833333333333,3,without,1
two,one_slider,numeral,undefined,all,frogs,459,1.5485,3,without,0
two,one_slider,numeral,undefined,all,lions,460,6.604333333333333,3,with,0.63
four,one_slider,numeral,undefined,none,frogs,461,1.3448333333333333,3,with,0.9
two,one_slider,every,undefined,all,butterflies,462,1.3987666666666667,3,with,1
four,one_slider,numeral,undefined,all,frogs,463,1.2108666666666668,3,without,0.98
two,one_slider,numeral,undefined,none,frogs,464,2.2049,3,without,0
four,one_slider,every,undefined,none,butterflies,465,0.85945,3,with,1
four,one_slider,every,undefined,all,frogs,466,1.4848666666666666,3,without,0.97
four,one_slider,numeral,undefined,none,dinosaurs,467,1.3129833333333334,3,with,0.99
four,one_slider,every,undefined,many,frogs,468,2.5607,3,without,0
four,one_slider,every,undefined,none,dinosaurs,469,2.5391,3,with,0.07
two,one_slider,numeral,undefined,all,butterflies,470,1.33535,3,without,0.34
two,one_slider,numeral,undefined,many,lions,471,2.7429166666666664,3,without,0
two,one_slider,every,undefined,many,dinosaurs,472,1.9505,3,without,0.98
two,one_slider,numeral,undefined,all,frogs,473,2.0472333333333332,3,with,0.63
four,one_slider,every,undefined,many,frogs,474,1.4655,3,with,0.97
two,one_slider,numeral,undefined,many,lions,475,0.9919833333333333,3,with,0.01
four,one_slider,every,undefined,none,lions,476,1.6425833333333333,3,without,0.92
four,one_slider,numeral,undefined,all,dinosaurs,477,1.7476166666666666,3,with,0.97
two,one_slider,every,undefined,many,dinosaurs,478,1.2377833333333332,3,with,0.02
two,one_slider,every,undefined,many,butterflies,479,2.0105333333333335,3,with,0.69
four,one_slider,every,undefined,none,dinosaurs,480,2.1791,3,without,0.69
two,one_slider,every,undefined,none,lions,481,0.8044666666666667,3,without,0
four,one_slider,numeral,undefined,many,butterflies,482,1.7610166666666667,3,with,0.99
two,one_slider,every,undefined,many,frogs,483,1.5976833333333333,3,without,0
four,one_slider,every,undefined,many,dinosaurs,484,2.88575,3,without,0.57
four,one_slider,every,undefined,many,dinosaurs,485,1.3814166666666667,3,without,0.11
two,one_slider,every,undefined,all,dinosaurs,486,1.9414666666666667,3,without,0.98
two,one_slider,numeral,undefined,all,butterflies,487,2.0693,3,with,0.03
four,one_slider,every,undefined,all,butterflies,488,1.77625,3,with,0
two,one_slider,every,undefined,all,frogs,489,2.0609166666666665,3,with,0
two,one_slider,every,undefined,all,dinosaurs,490,1.4097,3,without,0.97
four,one_slider,every,undefined,none,frogs,491,1.9962666666666666,3,without,0.95
two,one_slider,numeral,undefined,many,dinosaurs,492,3.2778833333333335,3,without,0.05
four,one_slider,numeral,undefined,none,butterflies,493,1.8091833333333334,3,with,0.98
four,one_slider,every,undefined,many,frogs,494,2.7470166666666667,3,with,0.96
four,one_slider,numeral,undefined,all,dinosaurs,495,1.6859166666666667,3,without,0.96
four,one_slider,numeral,undefined,many,lions,496,1.1730333333333334,3,without,0.82
four,one_slider,every,undefined,all,butterflies,497,2.21925,3,with,0.94
two,one_slider,numeral,undefined,none,dinosaurs,498,2.485733333333333,3,without,0
two,one_slider,every,undefined,many,dinosaurs,499,1.2863666666666667,3,without,1
two,one_slider,every,undefined,none,lions,500,2.2668666666666666,3,without,1
two,one_slider,numeral,undefined,many,dinosaurs,501,1.8379833333333333,3,with,0.18
four,one_slider,numeral,undefined,none,dinosaurs,502,3.2498833333333335,3,with,0.97
two,one_slider,numeral,undefined,none,frogs,503,1.53895,3,without,0.86
two,one_slider,numeral,undefined,none,frogs,504,2.2091666666666665,3,without,0.01
two,one_slider,numeral,undefined,none,lions,505,2.0113,3,without,0
two,one_slider,every,undefined,many,lions,506,1.02435,3,with,0.97
four,one_slider,numeral,undefined,none,dinosaurs,507,4.516516666666667,3,without,0.97
four,one_slider,every,undefined,all,dinosaurs,508,2.3640166666666667,3,with,0.97
two,one_slider,numeral,undefined,many,frogs,509,1.39705,3,with,1
four,one_slider,every,undefined,all,dinosaurs,510,1.4427,3,without,0.03
four,one_slider,every,undefined,none,lions,511,1.3392333333333333,3,without,0.77
two,one_slider,numeral,undefined,all,frogs,512,1.4938333333333333,3,with,0.08
four,one_slider,numeral,undefined,many,frogs,513,1.61465,3,with,0.93
two,one_slider,numeral,undefined,many,frogs,514,1.16375,3,without,0.02
four,one_slider,numeral,undefined,none,lions,515,3.3996833333333334,3,with,0.91
four,one_slider,every,undefined,none,lions,516,1.86665,3,without,0
four,one_slider,every,undefined,all,lions,517,0.7417,3,without,0.96
two,one_slider,every,undefined,all,butterflies,518,1.9495833333333332,3,with,0.99
two,one_slider,every,undefined,none,lions,519,2.7808,3,with,0.96
two,one_slider,numeral,undefined,all,dinosaurs,520,2.698566666666667,3,without,0.01
two,one_slider,numeral,undefined,none,frogs,521,1.36645,3,with,0.01
four,one_slider,numeral,undefined,none,dinosaurs,522,2.4159166666666665,3,without,0.99
four,one_slider,numeral,undefined,all,butterflies,523,3.2603,3,without,0.98
two,one_slider,numeral,undefined,many,lions,524,13.298983333333334,3,with,0.68
four,one_slider,every,undefined,many,frogs,525,1.88505,3,with,0.97
two,one_slider,numeral,undefined,many,lions,526,2.8615833333333334,3,with,0.99
two,one_slider,every,undefined,all,frogs,527,1.3151666666666666,3,with,0.47
four,one_slider,numeral,undefined,many,dinosaurs,528,1.6107833333333332,3,with,0.97
four,one_slider,numeral,undefined,none,lions,529,0.87635,3,without,0.97
two,one_slider,every,undefined,none,dinosaurs,530,1.41845,3,without,0.26
four,one_slider,every,undefined,many,dinosaurs,531,1.0894833333333334,3,with,0.96
two,one_slider,every,undefined,all,dinosaurs,532,2.7275666666666667,3,with,1
two,one_slider,numeral,undefined,many,lions,533,1.53065,3,with,0.19
two,one_slider,numeral,undefined,none,dinosaurs,534,3.02445,3,without,0.01
two,one_slider,every,undefined,many,frogs,535,3.4949166666666667,3,with,0.95
two,one_slider,every,undefined,all,butterflies,536,1.6221833333333333,3,with,0.96
four,one_slider,numeral,undefined,many,frogs,537,0.9048166666666667,3,without,0.89
four,one_slider,every,undefined,all,frogs,538,1.92295,3,without,0.66
four,one_slider,numeral,undefined,many,butterflies,539,1.1345,3,without,0.99
two,one_slider,every,undefined,all,dinosaurs,540,0.9214333333333333,3,without,0.95
four,one_slider,numeral,undefined,none,lions,541,2.1582833333333333,3,without,1
four,one_slider,numeral,undefined,many,lions,542,3.7624166666666667,3,with,1
four,one_slider,every,undefined,none,dinosaurs,543,1.9278666666666666,3,without,0.7
two,one_slider,every,undefined,none,frogs,544,1.5455333333333334,3,with,0.01
four,one_slider,numeral,undefined,all,dinosaurs,545,1.09615,3,without,0.93
two,one_slider,numeral,undefined,none,lions,546,14.602033333333333,3,with,0.52
four,one_slider,numeral,undefined,all,dinosaurs,547,2.3836,3,without,0.95
two,one_slider,numeral,undefined,many,butterflies,548,1.5809,3,without,0.04
four,one_slider,numeral,undefined,many,dinosaurs,549,2.67565,3,without,1
two,one_slider,numeral,undefined,none,dinosaurs,550,1.9182,3,without,0.02
two,one_slider,numeral,undefined,all,butterflies,551,2.1068333333333333,3,without,0
four,one_slider,every,undefined,many,dinosaurs,552,2.1336666666666666,3,with,0.96
two,one_slider,numeral,undefined,many,butterflies,553,1.1652833333333332,3,with,0.62
two,one_slider,every,undefined,all,frogs,554,1.05615,3,without,0.95
four,one_slider,every,undefined,none,lions,555,2.7886333333333333,3,without,0.49
four,one_slider,every,undefined,many,lions,556,3.8240333333333334,3,with,0.99
four,one_slider,numeral,undefined,none,butterflies,557,3.9999333333333333,3,with,0
four,one_slider,every,undefined,none,frogs,558,1.8017166666666666,3,without,0.36
four,one_slider,every,undefined,many,butterflies,559,1.9675333333333334,3,with,0
four,one_slider,every,undefined,all,frogs,560,2.418833333333333,3,with,0.78
two,one_slider,numeral,undefined,many,lions,561,1.4661166666666667,3,without,0
four,one_slider,every,undefined,many,butterflies,562,2.3804,3,without,0.94
four,one_slider,numeral,undefined,none,lions,563,1.6587833333333333,3,with,1
two,one_slider,numeral,undefined,many,butterflies,564,0.99535,3,with,0.04
four,one_slider,every,undefined,none,butterflies,565,1.8478,3,without,0.98
four,one_slider,every,undefined,none,butterflies,566,1.92485,3,without,0.06
four,one_slider,every,undefined,all,butterflies,567,1.4850166666666667,3,without,1
four,one_slider,numeral,undefined,many,frogs,568,1.6644,3,without,0.98
four,one_slider,every,undefined,none,lions,569,1.3398666666666668,3,without,0.14
two,one_slider,numeral,undefined,many,frogs,570,2.2977,3,with,0.04
two,one_slider,every,undefined,all,butterflies,571,2.2655666666666665,3,without,1
four,one_slider,numeral,undefined,many,frogs,572,1.7566166666666667,3,without,0.96
two,one_slider,numeral,undefined,all,dinosaurs,573,2.3884833333333333,3,with,0.02
two,one_slider,every,undefined,many,lions,574,1.17755,3,with,1
four,one_slider,every,undefined,none,butterflies,575,1.139,3,with,0.05
two,one_slider,every,undefined,many,butterflies,576,1.1517833333333334,3,without,0.86
two,one_slider,numeral,undefined,none,dinosaurs,577,3.3558333333333334,3,with,0
four,one_slider,numeral,undefined,none,lions,578,1.7467666666666666,3,with,0.99
four,one_slider,every,undefined,all,dinosaurs,579,1.4229333333333334,3,without,0.99
four,one_slider,every,undefined,all,lions,580,1.7842333333333333,3,with,0.98
four,one_slider,every,undefined,none,dinosaurs,581,1.8042333333333334,3,with,0.98
two,one_slider,every,undefined,none,dinosaurs,582,2.1019,3,without,0
two,one_slider,every,undefined,many,frogs,583,2.9344833333333336,3,with,0.97
two,one_slider,numeral,undefined,all,butterflies,584,1.5932,3,with,0.04
two,one_slider,numeral,undefined,none,dinosaurs,585,0.8347,3,with,0
two,one_slider,numeral,undefined,none,frogs,586,2.72045,3,with,0.03
four,one_slider,numeral,undefined,all,dinosaurs,587,1.0263833333333334,3,with,0.98
four,one_slider,every,undefined,none,dinosaurs,588,2.1081666666666665,3,with,0
two,one_slider,every,undefined,none,frogs,589,2.297083333333333,3,without,0.75
four,one_slider,numeral,undefined,many,dinosaurs,590,2.9736666666666665,3,with,0.25
two,one_slider,numeral,undefined,many,lions,591,1.3739833333333333,3,without,0.02
two,one_slider,numeral,undefined,all,lions,592,2.3342,3,with,0.05
four,one_slider,every,undefined,many,butterflies,593,1.9670833333333333,3,without,0.76
four,one_slider,numeral,undefined,all,frogs,594,2.43065,3,with,1
four,one_slider,numeral,undefined,all,butterflies,595,1.2150333333333334,3,without,0.82
four,one_slider,every,undefined,none,lions,596,2.5582166666666666,3,with,0
four,one_slider,every,undefined,none,frogs,597,2.2575666666666665,3,without,0.99
four,one_slider,every,undefined,none,frogs,598,2.5265666666666666,3,without,0.51
four,one_slider,numeral,undefined,all,butterflies,599,1.9179833333333334,3,without,0.98
